SCHOOL YEAR,COUNTY NUMBER,COUNTY NAME,DISTRICT NUMBER,DISTRICT NAME,SCHOOL NUMBER,SCHOOL NAME,SCHOOL CODE,STATE SCHOOL ID,NCES ID,CO-OP,CO-OP CODE,COLLEGE COUNT,TECHNICAL TRAINING COUNT,MILITARY COUNT,WORKING COUNT,WORK AND SCHOOL COUNT,OTHER COUNT,COLLEGE PERCENT,TECHNICAL TRAINING PERCENT,MILITARY PERCENT,WORKING PERCENT,WORK AND SCHOOL PERCENT,OTHER PERCENT
20192020,001,ADAIR,001,Adair County,"",---District Total---,001,"","",GRREC,902,79,9,3,61,*,31,43.2,4.9,1.6,33.3,*,16.9
20192020,001,ADAIR,001,Adair County,010,Adair County High School,001010,001001010,210003000001,GRREC,902,79,9,3,61,*,21,45.7,5.2,1.7,35.3,*,12.1
20192020,001,ADAIR,001,Adair County,012,Adair Learning Academy,001012,001001012,210003001913,GRREC,902,*,*,*,*,*,10,*,*,*,*,*,100.0
20192020,002,ALLEN,005,Allen County,"",---District Total---,005,"","",GRREC,902,52,7,*,52,49,69,22.6,3,*,22.6,21.3,30
20192020,002,ALLEN,005,Allen County,020,Allen County-Scottsville High School,005020,002005020,210007000010,GRREC,902,52,7,*,52,49,69,22.6,3.0,*,22.6,21.3,30.0
20192020,003,ANDERSON,011,Anderson County,"",---District Total---,011,"","",CKEC,901,158,7,10,49,14,3,65.6,*,4.1,20.3,5.8,1.2
20192020,003,ANDERSON,011,Anderson County,020,Anderson County High School,011020,003011020,210012000016,CKEC,901,157,7,10,49,14,3,65.4,*,4.2,20.4,5.8,1.3
20192020,003,ANDERSON,011,Anderson County,030,APEX Academy,011030,003011030,210012002371,CKEC,901,*,*,*,*,*,*,*,*,*,*,*,*
20192020,010,BOYD,012,Ashland Independent,"",---District Total---,012,"","",KEDC,903,155,7,15,24,16,31,62.5,*,6,9.7,6.5,12.5
20192020,010,BOYD,012,Ashland Independent,010,Paul G. Blazer High School,012010,010012010,210015000022,KEDC,903,155,7,15,24,16,31,62.5,*,6.0,9.7,6.5,12.5
20192020,012,BRACKEN,013,Augusta Independent,"",---District Total---,013,"","",KEDC,903,7,3,*,4,*,*,46.7,20,*,26.7,*,*
20192020,012,BRACKEN,013,Augusta Independent,011,Augusta Independent School,013011,012013011,210018001968,KEDC,903,7,3,*,4,*,*,46.7,20.0,*,26.7,*,*
20192020,004,BALLARD,015,Ballard County,"",---District Total---,015,"","",WKEC,908,44,*,9,24,14,11,42.7,*,8.7,23.3,13.6,10.7
20192020,004,BALLARD,015,Ballard County,010,Ballard Memorial High School,015010,004015010,210021000036,WKEC,908,44,*,9,24,14,11,42.7,*,8.7,23.3,13.6,10.7
20192020,061,KNOX,016,Barbourville Independent,"",---District Total---,016,"","",SESC,907,26,*,*,7,7,*,59.1,4.5,*,15.9,15.9,*
20192020,061,KNOX,016,Barbourville Independent,011,Barbourville City School,016011,061016011,210024001969,SESC,907,26,*,*,7,7,*,59.1,4.5,*,15.9,15.9,*
20192020,090,NELSON,017,Bardstown Independent,"",---District Total---,017,"","",CKEC,901,50,10,5,46,25,*,36.8,7.4,3.7,33.8,18.4,*
20192020,090,NELSON,017,Bardstown Independent,005,Bardstown Alternative School,017005,090017005,210027002359,CKEC,901,*,*,*,12,*,*,*,7.1,*,85.7,*,*
20192020,090,NELSON,017,Bardstown Independent,020,Bardstown High School,017020,090017020,210027000045,CKEC,901,49,9,5,34,25,*,40.2,7.4,4.1,27.9,20.5,*
20192020,005,BARREN,021,Barren County,"",---District Total---,021,"","",GRREC,902,166,55,11,65,79,11,42.9,14.2,2.8,16.8,20.4,2.8
20192020,005,BARREN,021,Barren County,011,College Street Campus,021011,005021011,210030001303,GRREC,902,*,*,*,9,6,*,*,*,*,50.0,33.3,*
20192020,005,BARREN,021,Barren County,012,BAVEL,021012,005021012,210030001970,GRREC,902,21,*,*,11,25,*,36.2,*,*,19.0,43.1,*
20192020,005,BARREN,021,Barren County,027,Barren County High School,021027,005021027,210030000048,GRREC,902,145,54,10,45,48,9,46.6,17.4,3.2,14.5,15.4,2.9
20192020,006,BATH,025,Bath County,"",---District Total---,025,"","",KEDC,903,54,35,3,27,*,*,45.4,29.4,2.5,22.7,*,*
20192020,006,BATH,025,Bath County,040,Bath County High School,025040,006025040,210033000057,KEDC,903,54,35,3,27,*,*,45.4,29.4,2.5,22.7,*,*
20192020,059,KENTON,026,Beechwood Independent,"",---District Total---,026,"","",NKCES,905,91,*,*,*,*,4,91.9,*,*,*,*,4
20192020,059,KENTON,026,Beechwood Independent,020,Beechwood High School,026020,059026020,210036000060,NKCES,905,91,*,*,*,*,4,91.9,*,*,*,*,4.0
20192020,007,BELL,031,Bell County,"",---District Total---,031,"","",SESC,907,64,*,6,45,22,38,36.4,*,3.4,25.6,12.5,21.6
20192020,007,BELL,031,Bell County,040,Bell County High School,031040,007031040,210039000062,SESC,907,62,*,6,41,22,30,38.3,*,3.7,25.3,13.6,18.5
20192020,007,BELL,031,Bell County,340,Bell County Alternative School,031340,007031340,210039000002,SESC,907,*,*,*,4,*,8,*,*,*,28.6,*,57.1
20192020,019,CAMPBELL,032,Bellevue Independent,"",---District Total---,032,"","",NKCES,905,32,3,*,11,*,*,64,6,*,22,*,*
20192020,019,CAMPBELL,032,Bellevue Independent,010,Bellevue High School,032010,019032010,210042000075,NKCES,905,32,3,*,11,*,*,64.0,6.0,*,22.0,*,*
20192020,073,MADISON,034,Berea Independent,"",---District Total---,034,"","",SESC,907,49,5,*,17,*,*,68.1,6.9,*,23.6,*,*
20192020,073,MADISON,034,Berea Independent,020,Berea Community High School,034020,073034020,210048000078,SESC,907,49,5,*,17,*,*,68.1,6.9,*,23.6,*,*
20192020,008,BOONE,035,Boone County,"",---District Total---,035,"","",NKCES,905,983,131,53,205,45,111,64.3,8.6,3.5,13.4,2.9,7.3
20192020,008,BOONE,035,Boone County,015,Randall K. Cooper High School,035015,008035015,210051002206,NKCES,905,208,43,17,29,6,4,67.8,14.0,5.5,9.4,2.0,1.3
20192020,008,BOONE,035,Boone County,030,Boone County High School,035030,008035030,210051000081,NKCES,905,162,48,10,81,12,*,51.6,15.3,3.2,25.8,3.8,*
20192020,008,BOONE,035,Boone County,045,Conner High School,035045,008035045,210051000084,NKCES,905,263,12,15,31,12,12,76.2,3.5,4.3,9.0,3.5,3.5
20192020,008,BOONE,035,Boone County,071,Larry A. Ryle High School,035071,008035071,210051000011,NKCES,905,339,28,11,38,6,*,80.1,6.6,2.6,9.0,1.4,*
20192020,008,BOONE,035,Boone County,170,Boone County Alternative Center,035170,008035170,210051002266,NKCES,905,11,*,*,26,9,93,7.9,*,*,18.7,6.5,66.9
20192020,009,BOURBON,041,Bourbon County,"",---District Total---,041,"","",CKEC,901,74,52,9,36,13,14,37.4,26.3,4.5,18.2,6.6,7.1
20192020,009,BOURBON,041,Bourbon County,110,Bourbon County High School,041110,009041110,210054000098,CKEC,901,74,52,9,36,13,14,37.4,26.3,4.5,18.2,6.6,7.1
20192020,114,WARREN,042,Bowling Green Independent,"",---District Total---,042,"","",GRREC,902,193,19,4,83,29,16,56.1,5.5,1.2,24.1,8.4,4.7
20192020,114,WARREN,042,Bowling Green Independent,013,Warren Regional Juvenile Detention Ctr,042013,114042013,210057001911,GRREC,902,*,*,*,*,*,4,*,*,*,*,*,80.0
20192020,114,WARREN,042,Bowling Green Independent,070,Bowling Green High School,042070,114042070,210057000105,GRREC,902,193,19,4,45,*,10,71.2,7.0,1.5,16.6,*,3.7
20192020,114,WARREN,042,Bowling Green Independent,098,Bowling Green Learning Center,042098,114042098,210057001696,GRREC,902,*,*,*,38,28,*,*,*,*,55.9,41.2,*
20192020,010,BOYD,045,Boyd County,"",---District Total---,045,"","",KEDC,903,122,8,3,41,10,36,55.5,3.6,1.4,18.6,4.5,16.4
20192020,010,BOYD,045,Boyd County,010,Boyd County High School,045010,010045010,210062000108,KEDC,903,122,7,3,40,9,15,62.2,3.6,1.5,20.4,4.6,7.7
20192020,010,BOYD,045,Boyd County,045,Boyd County Central School,045045,010045045,210062002466,KEDC,903,*,*,*,*,*,5,*,12.5,*,*,*,62.5
20192020,010,BOYD,045,Boyd County,085,Ramey-Estep High School,045085,010045085,210062000640,KEDC,903,*,*,*,*,*,16,*,*,*,*,*,100.0
20192020,011,BOYLE,051,Boyle County,"",---District Total---,051,"","",CKEC,901,145,*,*,17,*,54,66.2,*,*,7.8,*,24.7
20192020,011,BOYLE,051,Boyle County,005,Boyle County High School,051005,011051005,210063000120,CKEC,901,145,*,*,17,*,54,66.2,*,*,7.8,*,24.7
20192020,012,BRACKEN,055,Bracken County,"",---District Total---,055,"","",NKCES,905,37,6,4,36,3,7,39.8,6.5,4.3,38.7,3.2,7.5
20192020,012,BRACKEN,055,Bracken County,010,Bracken County High School,055010,012055010,210066000125,NKCES,905,37,6,4,36,3,7,39.8,6.5,4.3,38.7,3.2,7.5
20192020,013,BREATHITT,061,Breathitt County,"",---District Total---,061,"","",KVEC,904,49,*,4,29,9,23,42.2,*,3.4,25,7.8,19.8
20192020,013,BREATHITT,061,Breathitt County,031,Breathitt Regional Juvenile Det Ctr,061031,013061031,210069001623,KVEC,904,*,*,*,*,*,*,*,50.0,*,*,*,*
20192020,013,BREATHITT,061,Breathitt County,033,Breathitt County Day Treatment,061033,013061033,210069001842,KVEC,904,*,*,*,*,*,3,*,*,*,*,*,100.0
20192020,013,BREATHITT,061,Breathitt County,060,Breathitt County High School,061060,013061060,210069000129,KVEC,904,49,*,4,29,9,19,44.1,*,3.6,26.1,8.1,17.1
20192020,014,BRECKINRIDGE,065,Breckinridge County,"",---District Total---,065,"","",GRREC,902,104,4,5,52,13,46,46.4,*,2.2,23.2,5.8,20.5
20192020,014,BRECKINRIDGE,065,Breckinridge County,010,Breckinridge County High School,065010,014065010,210072000137,GRREC,902,104,4,5,52,13,46,46.4,*,2.2,23.2,5.8,20.5
20192020,015,BULLITT,071,Bullitt County,"",---District Total---,071,"","",OVEC,906,348,39,43,289,211,48,35.6,4,4.4,29.6,21.6,4.9
20192020,015,BULLITT,071,Bullitt County,015,Bullitt Central High School,071015,015071015,210075000145,OVEC,906,76,6,15,150,58,5,24.5,*,4.8,48.4,18.7,1.6
20192020,015,BULLITT,071,Bullitt County,016,Bullitt East High School,071016,015071016,210075001409,OVEC,906,154,31,11,74,72,14,43.3,8.7,3.1,20.8,20.2,3.9
20192020,015,BULLITT,071,Bullitt County,032,Spring Meadows,071032,015071032,210075002169,OVEC,906,*,*,*,*,*,*,*,*,*,*,*,*
20192020,015,BULLITT,071,Bullitt County,075,North Bullitt High School,071075,015071075,210075000154,OVEC,906,117,*,17,64,80,22,38.9,*,5.6,21.3,26.6,7.3
20192020,015,BULLITT,071,Bullitt County,120,Bullitt Alternative Center,071120,015071120,210075000929,OVEC,906,*,*,*,*,*,6,*,10.0,*,*,*,60.0
20192020,084,MERCER,072,Burgin Independent,"",---District Total---,072,"","",CKEC,901,20,*,*,5,*,*,64.5,6.5,*,16.1,*,*
20192020,084,MERCER,072,Burgin Independent,030,Burgin Independent School,072030,084072030,210078002407,CKEC,901,20,*,*,5,*,*,64.5,6.5,*,16.1,*,*
20192020,016,BUTLER,075,Butler County,"",---District Total---,075,"","",GRREC,902,27,23,3,72,24,22,15.8,13.5,1.8,42.1,14,12.9
20192020,016,BUTLER,075,Butler County,030,Butler County High School,075030,016075030,210081000160,GRREC,902,25,23,3,68,23,20,15.4,14.2,1.9,42.0,14.2,12.3
20192020,016,BUTLER,075,Butler County,032,Butler County Learning Center,075032,016075032,210081001977,GRREC,902,*,*,*,*,*,*,*,*,*,*,*,*
20192020,016,BUTLER,075,Butler County,110,Green River School,075110,016075110,210081000163,GRREC,902,*,*,*,3,*,*,*,*,*,37.5,*,*
20192020,017,CALDWELL,081,Caldwell County,"",---District Total---,081,"","",WKEC,908,74,3,6,17,*,36,53.6,*,4.3,12.3,*,26.1
20192020,017,CALDWELL,081,Caldwell County,010,Caldwell County High School,081010,017081010,210084000166,WKEC,908,74,3,6,17,*,36,53.6,*,4.3,12.3,*,26.1
20192020,018,CALLOWAY,085,Calloway County,"",---District Total---,085,"","",WKEC,908,119,3,*,72,*,12,57.2,*,*,34.6,*,5.8
20192020,018,CALLOWAY,085,Calloway County,020,Calloway County High School,085020,018085020,210087000171,WKEC,908,117,3,*,69,*,3,60.3,*,*,35.6,*,1.5
20192020,018,CALLOWAY,085,Calloway County,096,Calloway County Alternative Program,085096,018085096,210087002370,WKEC,908,*,*,*,3,*,9,*,*,*,21.4,*,64.3
20192020,019,CAMPBELL,091,Campbell County,"",---District Total---,091,"","",NKCES,905,206,*,10,127,7,7,57.5,*,2.8,35.5,2,2
20192020,019,CAMPBELL,091,Campbell County,016,Alexandria Educational Center,091016,019091016,210090001398,NKCES,905,*,*,*,*,*,*,*,*,*,*,*,*
20192020,019,CAMPBELL,091,Campbell County,100,Campbell County High School,091100,019091100,210090000941,NKCES,905,206,*,10,125,7,6,58.0,*,2.8,35.2,2.0,1.7
20192020,109,TAYLOR,092,Campbellsville Independent,"",---District Total---,092,"","",GRREC,902,38,*,4,25,6,5,48.1,*,5.1,31.6,7.6,6.3
20192020,109,TAYLOR,092,Campbellsville Independent,011,Campbellsville Eagle Academy,092011,109092011,210093001653,GRREC,902,*,*,*,3,*,*,*,*,*,60.0,*,*
20192020,109,TAYLOR,092,Campbellsville Independent,020,Campbellsville High School,092020,109092020,210093000183,GRREC,902,37,*,4,22,5,5,50.0,*,5.4,29.7,6.8,6.8
20192020,020,CARLISLE,095,Carlisle County,"",---District Total---,095,"","",WKEC,908,12,*,*,12,22,*,24,*,*,24,44,*
20192020,020,CARLISLE,095,Carlisle County,040,Carlisle County High School,095040,020095040,210096000186,WKEC,908,12,*,*,12,22,*,24.0,*,*,24.0,44.0,*
20192020,021,CARROLL,101,Carroll County,"",---District Total---,101,"","",OVEC,906,61,6,*,22,16,19,48.4,4.8,*,17.5,12.7,15.1
20192020,021,CARROLL,101,Carroll County,018,Carroll County High School,101018,021101018,210099000190,OVEC,906,61,6,*,18,16,19,50.0,4.9,*,14.8,13.1,15.6
20192020,022,CARTER,105,Carter County,"",---District Total---,105,"","",KEDC,903,161,10,5,91,14,61,47.1,*,1.5,26.6,4.1,17.8
20192020,022,CARTER,105,Carter County,040,Carter Virtual Academy,105040,022105040,210102002294,KEDC,903,*,*,*,3,*,5,*,*,*,37.5,*,62.5
20192020,022,CARTER,105,Carter County,120,East Carter County High School,105120,022105120,210102000194,KEDC,903,108,*,*,53,*,21,58.4,*,*,28.6,*,11.4
20192020,022,CARTER,105,Carter County,500,West Carter County High School,105500,022105500,210102000202,KEDC,903,53,8,4,35,14,35,35.6,5.4,2.7,23.5,9.4,23.5
20192020,023,CASEY,111,Casey County,"",---District Total---,111,"","",SESC,907,71,*,3,44,19,13,46.7,*,2,28.9,12.5,8.6
20192020,023,CASEY,111,Casey County,045,Casey County High School,111045,023111045,210105000204,SESC,907,71,*,3,44,19,13,46.7,*,2.0,28.9,12.5,8.6
20192020,005,BARREN,113,Caverna Independent,"",---District Total---,113,"","",GRREC,902,*,*,*,28,20,*,*,*,*,57.1,40.8,*
20192020,005,BARREN,113,Caverna Independent,030,Caverna High School,113030,005113030,210111000214,GRREC,902,*,*,*,28,20,*,*,*,*,57.1,40.8,*
20192020,024,CHRISTIAN,115,Christian County,"",---District Total---,115,"","",WKEC,908,213,*,14,244,48,45,37.6,*,2.5,43.1,8.5,8
20192020,024,CHRISTIAN,115,Christian County,030,Christian County High School,115030,024115030,210115000220,WKEC,908,106,*,11,96,48,44,34.6,*,3.6,31.4,15.7,14.4
20192020,024,CHRISTIAN,115,Christian County,050,Hopkinsville High School,115050,024115050,210115000223,WKEC,908,107,*,3,148,*,*,41.2,*,1.2,56.9,*,*
20192020,025,CLARK,121,Clark County,"",---District Total---,121,"","",CKEC,901,162,13,9,104,79,6,43.4,3.5,2.4,27.9,21.2,1.6
20192020,025,CLARK,121,Clark County,013,Phoenix Academy,121013,025121013,210120001624,CKEC,901,*,*,*,12,6,*,*,*,*,63.2,31.6,*
20192020,025,CLARK,121,Clark County,030,George Rogers Clark High School,121030,025121030,210120000237,CKEC,901,161,13,9,92,73,6,45.5,3.7,2.5,26.0,20.6,1.7
20192020,026,CLAY,125,Clay County,"",---District Total---,125,"","",SESC,907,67,*,3,65,15,20,39,*,1.7,37.8,8.7,11.6
20192020,026,CLAY,125,Clay County,041,Horse Creek Learning Center,125041,026125041,210123001846,SESC,907,*,*,*,3,*,*,*,*,*,42.9,*,*
20192020,026,CLAY,125,Clay County,100,Clay County High School,125100,026125100,210123000249,SESC,907,65,*,3,62,15,18,39.4,*,1.8,37.6,9.1,10.9
20192020,027,CLINTON,131,Clinton County,"",---District Total---,131,"","",GRREC,902,49,5,7,26,8,26,40.5,4.1,5.8,21.5,6.6,21.5
20192020,027,CLINTON,131,Clinton County,016,Foothills Academy,131016,027131016,210126002162,GRREC,902,*,*,*,*,*,*,*,25.0,*,*,*,*
20192020,027,CLINTON,131,Clinton County,050,Clinton County High School,131050,027131050,210126000259,GRREC,902,49,4,7,25,7,25,41.9,3.4,6.0,21.4,6.0,21.4
20192020,014,BRECKINRIDGE,132,Cloverport Independent,"",---District Total---,132,"","",GRREC,902,13,*,*,17,3,*,37.1,*,*,48.6,8.6,*
20192020,014,BRECKINRIDGE,132,Cloverport Independent,010,Frederick Fraize High School,132010,014132010,210129000261,GRREC,902,13,*,*,17,3,*,37.1,*,*,48.6,8.6,*
20192020,118,WHITLEY,133,Corbin Independent,"",---District Total---,133,"","",SESC,907,128,21,8,70,48,4,45.9,7.5,2.9,25.1,17.2,1.4
20192020,118,WHITLEY,133,Corbin Independent,012,Corbin Educational Center,133012,118133012,210132001622,SESC,907,*,*,*,6,*,*,*,12.5,*,75.0,*,*
20192020,118,WHITLEY,133,Corbin Independent,040,Corbin High School,133040,118133040,210132000266,SESC,907,120,20,8,56,41,*,49.0,8.2,3.3,22.9,16.7,*
20192020,118,WHITLEY,133,Corbin Independent,100,Corbin School of Innovation,133100,118133100,210132002367,SESC,907,7,*,*,8,7,*,31.8,*,*,36.4,31.8,*
20192020,059,KENTON,134,Covington Independent,"",---District Total---,134,"","",NKCES,905,22,7,*,84,39,16,12.9,4.1,*,49.4,22.9,9.4
20192020,059,KENTON,134,Covington Independent,011,Covington Adult High School,134011,059134011,210135001495,NKCES,905,*,*,*,7,5,8,*,9.1,*,31.8,22.7,36.4
20192020,059,KENTON,134,Covington Independent,019,Holmes High School,134019,059134019,210135002049,NKCES,905,22,5,*,77,34,8,14.9,3.4,*,52.0,23.0,5.4
20192020,028,CRITTENDEN,135,Crittenden County,"",---District Total---,135,"","",WKEC,908,38,*,4,21,15,*,47.5,*,5,26.3,18.8,*
20192020,028,CRITTENDEN,135,Crittenden County,020,Crittenden County High School,135020,028135020,210138000279,WKEC,908,38,*,4,20,15,*,48.7,*,5.1,25.6,19.2,*
20192020,028,CRITTENDEN,135,Crittenden County,022,Pathway Academy High School,135022,028135022,210138002225,WKEC,908,*,*,*,*,*,*,*,*,*,*,*,*
20192020,029,CUMBERLAND,141,Cumberland County,"",---District Total---,141,"","",GRREC,902,22,4,3,16,10,6,36.1,6.6,4.9,26.2,16.4,9.8
20192020,029,CUMBERLAND,141,Cumberland County,080,Cumberland County High School,141080,029141080,210141000287,GRREC,902,22,4,3,16,10,6,36.1,6.6,4.9,26.2,16.4,9.8
20192020,011,BOYLE,143,Danville Independent,"",---District Total---,143,"","",CKEC,901,67,*,*,34,9,14,53.2,*,*,27,7.1,11.1
20192020,011,BOYLE,143,Danville Independent,030,Danville High School,143030,011143030,210144000291,CKEC,901,67,*,*,34,9,14,53.2,*,*,27.0,7.1,11.1
20192020,030,DAVIESS,145,Daviess County,"",---District Total---,145,"","",GRREC,902,274,111,13,84,23,253,36.1,14.6,1.7,11.1,3,33.4
20192020,030,DAVIESS,145,Daviess County,005,Apollo High School,145005,030145005,210147000295,GRREC,902,100,7,5,14,13,161,33.3,*,1.7,4.7,4.3,53.7
20192020,030,DAVIESS,145,Daviess County,010,Daviess County High School,145010,030145010,210147000297,GRREC,902,173,104,8,67,10,23,44.9,27.0,2.1,17.4,2.6,6.0
20192020,030,DAVIESS,145,Daviess County,160,Owensboro Day Treatment,145160,030145160,210147000312,GRREC,902,*,*,*,*,*,3,*,*,*,*,*,100.0
20192020,030,DAVIESS,145,Daviess County,170,Valley High School,145170,030145170,210147001700,GRREC,902,*,*,*,*,*,*,*,*,*,*,*,*
20192020,030,DAVIESS,145,Daviess County,180,Heritage Park High School,145180,030145180,210147000969,GRREC,902,*,*,*,3,*,65,*,*,*,4.3,*,94.2
20192020,054,HOPKINS,146,Dawson Springs Independent,"",---District Total---,146,"","",WKEC,908,18,*,*,12,11,3,40,*,*,26.7,24.4,6.7
20192020,054,HOPKINS,146,Dawson Springs Independent,018,Dawson Springs Jr/Sr High School,146018,054146018,210150002203,WKEC,908,18,*,*,12,11,3,40.0,*,*,26.7,24.4,6.7
20192020,019,CAMPBELL,147,Dayton Independent,"",---District Total---,147,"","",NKCES,905,*,*,*,*,*,53,*,*,*,*,*,98.1
20192020,019,CAMPBELL,147,Dayton Independent,010,Dayton High School,147010,019147010,210153000316,NKCES,905,*,*,*,*,*,53,*,*,*,*,*,98.1
20192020,031,EDMONSON,151,Edmonson County,"",---District Total---,151,"","",GRREC,902,50,6,*,56,14,5,37.6,4.5,*,42.1,10.5,3.8
20192020,031,EDMONSON,151,Edmonson County,060,Edmonson County High School,151060,031151060,210162001442,GRREC,902,50,6,*,56,14,5,37.6,4.5,*,42.1,10.5,3.8
20192020,047,HARDIN,152,Elizabethtown Independent,"",---District Total---,152,"","",GRREC,902,139,*,3,23,*,25,72.8,*,1.6,12,*,13.1
20192020,047,HARDIN,152,Elizabethtown Independent,010,Elizabethtown High School,152010,047152010,210165000323,GRREC,902,137,*,*,22,*,7,81.5,*,*,13.1,*,4.2
20192020,047,HARDIN,152,Elizabethtown Independent,041,Valley View Education Center,152041,047152041,210165002355,GRREC,902,*,*,*,*,*,15,*,*,*,*,*,75.0
20192020,032,ELLIOTT,155,Elliott County,"",---District Total---,155,"","",KEDC,903,29,11,*,36,3,3,34.5,13.1,*,42.9,3.6,3.6
20192020,032,ELLIOTT,155,Elliott County,280,Elliott County High School,155280,032155280,210168000331,KEDC,903,29,11,*,36,3,3,34.5,13.1,*,42.9,3.6,3.6
20192020,052,HENRY,156,Eminence Independent,"",---District Total---,156,"","",OVEC,906,23,*,3,42,25,17,20.9,*,2.7,38.2,22.7,15.5
20192020,052,HENRY,156,Eminence Independent,010,Eminence High School,156010,052156010,210171000332,OVEC,906,16,*,*,21,3,4,36.4,*,*,47.7,6.8,9.1
20192020,052,HENRY,156,Eminence Independent,025,Bluegrass Challenge Academy,156025,052156025,210171002455,OVEC,906,7,*,3,13,5,*,25.0,*,10.7,46.4,17.9,*
20192020,059,KENTON,157,Erlanger-Elsmere Independent,"",---District Total---,157,"","",NKCES,905,99,*,5,38,18,*,60.4,*,3,23.2,11,*
20192020,059,KENTON,157,Erlanger-Elsmere Independent,030,Lloyd High School,157030,059157030,210174000337,NKCES,905,97,*,5,33,13,*,64.2,*,3.3,21.9,8.6,*
20192020,059,KENTON,157,Erlanger-Elsmere Independent,061,Bartlett Educational Center,157061,059157061,210174002313,NKCES,905,*,*,*,5,5,*,*,*,*,38.5,38.5,*
20192020,033,ESTILL,161,Estill County,"",---District Total---,161,"","",SESC,907,52,*,7,53,21,30,31.5,*,4.2,32.1,12.7,18.2
20192020,033,ESTILL,161,Estill County,014,Estill County Success Academy,161014,033161014,210176002406,SESC,907,*,*,*,*,*,4,*,*,*,*,*,100.0
20192020,033,ESTILL,161,Estill County,090,Estill County High School,161090,033161090,210176000342,SESC,907,52,*,7,53,21,26,32.3,*,4.3,32.9,13.0,16.1
20192020,010,BOYD,162,Fairview Independent,"",---District Total---,162,"","",KEDC,903,14,21,*,7,*,5,28.6,42.9,*,14.3,*,10.2
20192020,010,BOYD,162,Fairview Independent,020,Fairview High School,162020,010162020,210180000348,KEDC,903,14,21,*,7,*,5,28.6,42.9,*,14.3,*,10.2
20192020,034,FAYETTE,165,Fayette County,"",---District Total---,165,"","",CKEC,901,1349,53,39,315,129,832,49.7,*,1.4,11.6,4.7,30.6
20192020,034,FAYETTE,165,Fayette County,039,Henry Clay High School,165039,034165039,210186000364,CKEC,901,380,17,14,64,41,13,71.8,3.2,2.6,12.1,7.8,2.5
20192020,034,FAYETTE,165,Fayette County,060,Lafayette High School,165060,034165060,210186000367,CKEC,901,374,17,15,131,26,18,64.4,*,2.6,22.5,4.5,3.1
20192020,034,FAYETTE,165,Fayette County,105,Tates Creek High School,165105,034165105,210186000383,CKEC,901,*,3,*,*,3,438,*,*,*,*,0.7,98.2
20192020,034,FAYETTE,165,Fayette County,125,Frederick Douglass High School,165125,034165125,210186002459,CKEC,901,128,5,5,46,38,15,54.0,*,2.1,19.4,16.0,6.3
20192020,034,FAYETTE,165,Fayette County,170,Bryan Station High School,165170,034165170,210186000388,CKEC,901,43,3,3,3,4,332,11.1,*,0.8,0.8,1.0,85.6
20192020,034,FAYETTE,165,Fayette County,200,Paul Laurence Dunbar High School,165200,034165200,210186001669,CKEC,901,423,8,*,70,17,16,78.9,*,*,13.1,3.2,3.0
20192020,035,FLEMING,171,Fleming County,"",---District Total---,171,"","",KEDC,903,42,23,3,44,23,24,26.4,14.5,1.9,27.7,14.5,15.1
20192020,035,FLEMING,171,Fleming County,035,Fleming County High School,171035,035171035,210192000398,KEDC,903,42,23,3,44,23,24,26.4,14.5,1.9,27.7,14.5,15.1
20192020,036,FLOYD,175,Floyd County,"",---District Total---,175,"","",KVEC,904,166,*,4,75,61,57,45.5,*,1.1,20.5,16.7,15.6
20192020,036,FLOYD,175,Floyd County,110,Betsy Layne High School,175110,036175110,210195000406,KVEC,904,48,*,*,33,7,23,43.2,*,*,29.7,6.3,20.7
20192020,036,FLOYD,175,Floyd County,115,Floyd Central High School,175115,036175115,210195002450,KVEC,904,67,*,4,23,8,33,48.9,*,2.9,16.8,5.8,24.1
20192020,036,FLOYD,175,Floyd County,850,Prestonsburg High School,175850,036175850,210195000423,KVEC,904,51,*,*,19,46,*,43.6,*,*,16.2,39.3,*
20192020,019,CAMPBELL,176,Fort Thomas Independent,"",---District Total---,176,"","",NKCES,905,220,10,5,11,*,*,88.7,4,2,4.4,*,*
20192020,019,CAMPBELL,176,Fort Thomas Independent,010,Highlands High School,176010,019176010,210204000428,NKCES,905,220,10,5,11,*,*,88.7,4.0,2.0,4.4,*,*
20192020,037,FRANKLIN,177,Frankfort Independent,"",---District Total---,177,"","",CKEC,901,23,*,3,12,5,5,46,4,6,24,10,10
20192020,037,FRANKLIN,177,Frankfort Independent,070,Frankfort High School,177070,037177070,210198000433,CKEC,901,20,*,3,7,5,*,52.6,5.3,7.9,18.4,13.2,*
20192020,037,FRANKLIN,177,Frankfort Independent,080,Panther Transition Academy,177080,037177080,210198001524,CKEC,901,3,*,*,5,*,4,25.0,*,*,41.7,*,33.3
20192020,037,FRANKLIN,181,Franklin County,"",---District Total---,181,"","",OVEC,906,227,24,9,137,49,13,49.5,5.2,2,29.8,10.7,2.8
20192020,037,FRANKLIN,181,Franklin County,011,The Academy,181011,037181011,210201001917,OVEC,906,*,*,*,14,*,*,*,*,*,87.5,*,*
20192020,037,FRANKLIN,181,Franklin County,040,Franklin County High School,181040,037181040,210201000440,OVEC,906,119,14,8,41,27,6,55.3,6.5,3.7,19.1,12.6,2.8
20192020,037,FRANKLIN,181,Franklin County,070,Western Hills High School,181070,037181070,210201001420,OVEC,906,108,10,*,42,20,7,57.4,5.3,*,22.3,10.6,3.7
20192020,037,FRANKLIN,181,Franklin County,072,William Cofield High School,181072,037181072,210201002471,OVEC,906,*,*,*,40,*,*,*,*,*,100.0,*,*
20192020,038,FULTON,185,Fulton County,"",---District Total---,185,"","",WKEC,908,29,5,*,4,*,*,72.5,12.5,*,10,*,*
20192020,038,FULTON,185,Fulton County,030,Fulton County High School,185030,038185030,210210000445,WKEC,908,29,5,*,4,*,*,72.5,12.5,*,10.0,*,*
20192020,038,FULTON,186,Fulton Independent,"",---District Total---,186,"","",WKEC,908,8,7,*,*,*,*,42.1,36.8,*,*,*,*
20192020,038,FULTON,186,Fulton Independent,018,Fulton Independent School,186018,038186018,210207002205,WKEC,908,8,7,*,*,*,*,42.1,36.8,*,*,*,*
20192020,039,GALLATIN,191,Gallatin County,"",---District Total---,191,"","",OVEC,906,25,3,*,50,8,27,21.7,*,*,43.5,7,23.5
20192020,039,GALLATIN,191,Gallatin County,020,Gallatin County High School,191020,039191020,210213000451,OVEC,906,25,3,*,50,8,27,21.7,*,*,43.5,7.0,23.5
20192020,040,GARRARD,195,Garrard County,"",---District Total---,195,"","",SESC,907,83,3,8,40,25,25,45.1,*,4.3,21.7,13.6,13.6
20192020,040,GARRARD,195,Garrard County,060,Garrard County High School,195060,040195060,210216000455,SESC,907,83,3,8,40,25,25,45.1,*,4.3,21.7,13.6,13.6
20192020,005,BARREN,197,Glasgow Independent,"",---District Total---,197,"","",GRREC,902,79,21,3,50,7,*,49.1,13,1.9,31.1,4.3,*
20192020,005,BARREN,197,Glasgow Independent,002,Success Academy,197002,005197002,210222002215,GRREC,902,*,*,*,19,3,*,*,4.0,*,76.0,12.0,*
20192020,005,BARREN,197,Glasgow Independent,030,Glasgow High School,197030,005197030,210222000461,GRREC,902,79,20,*,31,4,*,58.1,14.7,*,22.8,2.9,*
20192020,041,GRANT,201,Grant County,"",---District Total---,201,"","",OVEC,906,71,19,13,66,24,51,29.1,7.8,5.3,27,9.8,20.9
20192020,041,GRANT,201,Grant County,040,Grant County High School,201040,041201040,210225000467,OVEC,906,71,19,13,66,24,51,29.1,7.8,5.3,27.0,9.8,20.9
20192020,042,GRAVES,205,Graves County,"",---District Total---,205,"","",WKEC,908,185,6,13,100,3,12,58,*,4.1,31.3,0.9,3.8
20192020,042,GRAVES,205,Graves County,011,Mayfield Youth Development Center,205011,042205011,210228001754,WKEC,908,*,*,*,*,*,*,*,*,*,*,*,*
20192020,042,GRAVES,205,Graves County,012,Gateway Academy High School,205012,042205012,210228001924,WKEC,908,4,*,*,15,*,11,12.9,*,*,48.4,*,35.5
20192020,042,GRAVES,205,Graves County,215,Graves County High School,205215,042205215,210228001490,WKEC,908,180,6,13,84,*,*,63.4,*,4.6,29.6,*,*
20192020,043,GRAYSON,211,Grayson County,"",---District Total---,211,"","",GRREC,902,139,*,4,123,14,6,48.4,*,1.4,42.9,4.9,2.1
20192020,043,GRAYSON,211,Grayson County,085,Grayson County High School,211085,043211085,210230000486,GRREC,902,139,*,4,123,14,6,48.4,*,1.4,42.9,4.9,2.1
20192020,044,GREEN,215,Green County,"",---District Total---,215,"","",GRREC,902,61,*,*,45,*,12,50.4,*,*,37.2,*,9.9
20192020,044,GREEN,215,Green County,065,Green County High School,215065,044215065,210234000490,GRREC,902,61,*,*,45,*,12,50.4,*,*,37.2,*,9.9
20192020,045,GREENUP,221,Greenup County,"",---District Total---,221,"","",KEDC,903,96,*,3,58,4,17,53.6,*,1.7,32.4,2.2,9.5
20192020,045,GREENUP,221,Greenup County,027,Greenup County High School,221027,045221027,210240000496,KEDC,903,96,*,3,58,4,17,53.6,*,1.7,32.4,2.2,9.5
20192020,046,HANCOCK,225,Hancock County,"",---District Total---,225,"","",GRREC,902,68,*,3,27,9,7,59.1,*,2.6,23.5,7.8,6.1
20192020,046,HANCOCK,225,Hancock County,005,Hancock County High School,225005,046225005,210246000507,GRREC,902,68,*,3,27,9,7,59.1,*,2.6,23.5,7.8,6.1
20192020,047,HARDIN,231,Hardin County,"",---District Total---,231,"","",GRREC,902,232,7,40,135,89,549,22.1,*,3.8,12.8,8.5,52.2
20192020,047,HARDIN,231,Hardin County,013,John Hardin High School,231013,047231013,210249001910,GRREC,902,81,*,13,36,35,15,45.0,*,7.2,20.0,19.4,8.3
20192020,047,HARDIN,231,Hardin County,025,College View Campus,231025,047231025,210249002439,GRREC,902,10,*,6,16,*,105,7.2,*,4.3,11.5,*,75.5
20192020,047,HARDIN,231,Hardin County,075,North Hardin High School,231075,047231075,210249000517,GRREC,902,141,7,21,83,52,9,45.0,*,6.7,26.5,16.6,2.9
20192020,047,HARDIN,231,Hardin County,190,Central Hardin High School,231190,047231190,210249000528,GRREC,902,*,*,*,*,*,419,*,*,*,*,*,100.0
20192020,047,HARDIN,231,Hardin County,976,Crossroads Treatment Center,231976,047231976,210249002269,GRREC,902,*,*,*,*,*,*,*,*,*,*,*,*
20192020,048,HARLAN,235,Harlan County,"",---District Total---,235,"","",SESC,907,105,3,*,58,30,20,48.2,*,*,26.6,13.8,9.2
20192020,048,HARLAN,235,Harlan County,025,Harlan County High School,235025,048235025,210254002213,SESC,907,105,3,*,58,30,20,48.2,*,*,26.6,13.8,9.2
20192020,048,HARLAN,236,Harlan Independent,"",---District Total---,236,"","",SESC,907,29,*,*,4,13,3,59.2,*,*,8.2,26.5,6.1
20192020,048,HARLAN,236,Harlan Independent,030,Harlan High School,236030,048236030,210252000552,SESC,907,29,*,*,4,13,3,59.2,*,*,8.2,26.5,6.1
20192020,049,HARRISON,241,Harrison County,"",---District Total---,241,"","",CKEC,901,104,4,9,94,19,4,44.4,*,3.8,40.2,8.1,1.7
20192020,049,HARRISON,241,Harrison County,037,Harrison County Learning Center,241037,049241037,210258001995,CKEC,901,4,*,*,25,*,*,12.9,*,*,80.6,*,*
20192020,049,HARRISON,241,Harrison County,040,Harrison County High School,241040,049241040,210258000555,CKEC,901,100,4,8,69,18,4,49.3,*,3.9,34.0,8.9,2.0
20192020,050,HART,245,Hart County,"",---District Total---,245,"","",GRREC,902,44,5,3,62,14,5,33.1,3.8,2.3,46.6,10.5,3.8
20192020,050,HART,245,Hart County,045,Hart County High School,245045,050245045,210264000564,GRREC,902,44,5,3,62,14,5,33.1,3.8,2.3,46.6,10.5,3.8
20192020,097,PERRY,246,Hazard Independent,"",---District Total---,246,"","",KVEC,904,71,4,*,5,6,*,81.6,4.6,*,5.7,6.9,*
20192020,097,PERRY,246,Hazard Independent,010,Hazard High School,246010,097246010,210267000568,KVEC,904,71,4,*,5,6,*,81.6,4.6,*,5.7,6.9,*
20192020,051,HENDERSON,251,Henderson County,"",---District Total---,251,"","",WKEC,908,139,3,14,156,140,32,28.7,*,2.9,32.2,28.9,6.6
20192020,051,HENDERSON,251,Henderson County,015,The Central Academy,251015,051251015,210271002457,WKEC,908,9,*,*,30,7,21,13.4,*,*,44.8,10.4,31.3
20192020,051,HENDERSON,251,Henderson County,060,Henderson County High School,251060,051251060,210271000577,WKEC,908,130,3,14,126,133,11,31.2,*,3.4,30.2,31.9,2.6
20192020,052,HENRY,255,Henry County,"",---District Total---,255,"","",OVEC,906,59,19,8,50,23,14,34.1,11,4.6,28.9,13.3,8.1
20192020,052,HENRY,255,Henry County,035,Henry County High School,255035,052255035,210276000590,OVEC,906,59,19,8,50,23,14,34.1,11.0,4.6,28.9,13.3,8.1
20192020,053,HICKMAN,261,Hickman County,"",---District Total---,261,"","",WKEC,908,22,*,4,20,6,*,40.7,*,7.4,37,11.1,*
20192020,053,HICKMAN,261,Hickman County,050,Hickman County High School,261050,053261050,210279000594,WKEC,908,22,*,4,20,6,*,40.7,*,7.4,37.0,11.1,*
20192020,054,HOPKINS,265,Hopkins County,"",---District Total---,265,"","",WKEC,908,91,*,7,48,55,271,19.2,*,1.5,10.1,11.6,57.2
20192020,054,HOPKINS,265,Hopkins County,004,Hopkins County Schools Academy,265004,054265004,210286002280,WKEC,908,*,*,*,*,*,60,*,*,*,*,*,98.4
20192020,054,HOPKINS,265,Hopkins County,130,Hopkins County Central High School,265130,054265130,210286001473,WKEC,908,*,*,*,*,*,196,*,*,*,*,*,98.0
20192020,054,HOPKINS,265,Hopkins County,145,Madisonville North Hopkins High School,265145,054265145,210286000602,WKEC,908,88,*,5,48,55,15,41.3,*,2.3,22.5,25.8,7.0
20192020,055,JACKSON,271,Jackson County,"",---District Total---,271,"","",SESC,907,54,*,4,60,8,19,37,*,2.7,41.1,5.5,13
20192020,055,JACKSON,271,Jackson County,020,Jackson County High School,271020,055271020,210294000615,SESC,907,54,*,4,59,8,17,37.8,*,2.8,41.3,5.6,11.9
20192020,055,JACKSON,271,Jackson County,031,Jackson Co Schools Learning Center,271031,055271031,210294002461,SESC,907,*,*,*,*,*,*,*,*,*,*,*,*
20192020,013,BREATHITT,272,Jackson Independent,"",---District Total---,272,"","",KVEC,904,16,*,*,*,*,*,80,5,*,*,*,*
20192020,013,BREATHITT,272,Jackson Independent,011,Jackson City School,272011,013272011,210291001719,KVEC,904,16,*,*,*,*,*,80.0,5.0,*,*,*,*
20192020,056,JEFFERSON,275,Jefferson County,"",---District Total---,275,"","","",909,4260,99,302,570,604,561,66.6,*,4.7,8.9,9.4,8.8
20192020,056,JEFFERSON,275,Jefferson County,007,Eastern High,275007,056275007,210299000625,"",909,332,6,13,11,20,20,82.6,*,3.2,2.7,5.0,5.0
20192020,056,JEFFERSON,275,Jefferson County,012,Fern Creek High,275012,056275012,210299000628,"",909,236,5,21,26,42,41,63.6,*,5.7,7.0,11.3,11.1
20192020,056,JEFFERSON,275,Jefferson County,018,Atherton High,275018,056275018,210299000632,"",909,287,*,7,19,14,12,84.2,*,2.1,5.6,4.1,3.5
20192020,056,JEFFERSON,275,Jefferson County,020,The Brook-KMI,275020,056275020,210299001474,"",909,*,*,*,*,*,*,*,*,*,*,*,*
20192020,056,JEFFERSON,275,Jefferson County,030,Liberty High,275030,056275030,210299001634,"",909,8,*,*,6,9,26,15.7,*,*,11.8,17.6,51.0
20192020,056,JEFFERSON,275,Jefferson County,031,Southern High,275031,056275031,210299000637,"",909,127,3,17,53,53,24,45.8,*,6.1,19.1,19.1,8.7
20192020,056,JEFFERSON,275,Jefferson County,033,Valley High,275033,056275033,210299000639,"",909,95,4,11,46,38,45,39.7,*,4.6,19.2,15.9,18.8
20192020,056,JEFFERSON,275,Jefferson County,034,Waller-Williams Environmental,275034,056275034,210299001529,"",909,*,*,*,*,*,3,*,*,*,*,*,60.0
20192020,056,JEFFERSON,275,Jefferson County,045,Butler Traditional High,275045,056275045,210299000644,"",909,295,7,20,33,28,4,76.2,*,5.2,8.5,7.2,1.0
20192020,056,JEFFERSON,275,Jefferson County,047,Louisville Male High,275047,056275047,210299001705,"",909,358,8,14,11,8,*,89.3,*,3.5,2.7,2.0,*
20192020,056,JEFFERSON,275,Jefferson County,050,Georgia Chaffee Teenage Parent Program,275050,056275050,210299001612,"",909,17,*,*,*,6,*,63.0,*,*,*,22.2,*
20192020,056,JEFFERSON,275,Jefferson County,051,Waggener High,275051,056275051,210299000649,"",909,110,8,14,32,27,9,55.0,4.0,7.0,16.0,13.5,4.5
20192020,056,JEFFERSON,275,Jefferson County,057,Fairdale High,275057,056275057,210299000651,"",909,153,*,11,46,40,19,56.5,*,4.1,17.0,14.8,7.0
20192020,056,JEFFERSON,275,Jefferson County,065,Jeffersontown High,275065,056275065,210299000659,"",909,133,3,23,26,18,19,59.9,*,10.4,11.7,8.1,8.6
20192020,056,JEFFERSON,275,Jefferson County,073,Seneca High,275073,056275073,210299000667,"",909,146,*,11,34,33,48,53.5,*,4.0,12.5,12.1,17.6
20192020,056,JEFFERSON,275,Jefferson County,075,Pleasure Ridge Park High,275075,056275075,210299000668,"",909,240,13,18,49,47,10,63.7,3.4,4.8,13.0,12.5,2.7
20192020,056,JEFFERSON,275,Jefferson County,084,Western High,275084,056275084,210299000677,"",909,75,3,12,12,24,18,52.1,*,8.3,8.3,16.7,12.5
20192020,056,JEFFERSON,275,Jefferson County,100,Doss High,275100,056275100,210299000691,"",909,144,3,19,34,38,13,57.4,*,7.6,13.5,15.1,5.2
20192020,056,JEFFERSON,275,Jefferson County,105,Ballard High,275105,056275105,210299000695,"",909,357,6,8,20,22,16,83.2,*,1.9,4.7,5.1,3.7
20192020,056,JEFFERSON,275,Jefferson County,129,Breckinridge Metropolitan High,275129,056275129,210299001965,"",909,17,*,*,3,*,*,77.3,*,*,13.6,*,*
20192020,056,JEFFERSON,275,Jefferson County,138,Louisville Day,275138,056275138,210299000713,"",909,*,*,*,4,*,*,*,*,*,66.7,*,*
20192020,056,JEFFERSON,275,Jefferson County,155,Marion C. Moore School,275155,056275155,210299002026,"",909,150,*,13,35,34,26,57.9,*,5.0,13.5,13.1,10.0
20192020,056,JEFFERSON,275,Jefferson County,165,J. Graham Brown School,275165,056275165,210299002027,"",909,46,*,*,3,*,*,86.8,*,*,5.7,*,*
20192020,056,JEFFERSON,275,Jefferson County,179,Central High Magnet Career Academy,275179,056275179,210299000730,"",909,212,*,13,16,22,3,79.4,*,4.9,6.0,8.2,1.1
20192020,056,JEFFERSON,275,Jefferson County,183,Binet School,275183,056275183,210299000732,"",909,*,*,*,*,*,*,*,*,*,*,*,*
20192020,056,JEFFERSON,275,Jefferson County,186,Newcomer Academy,275186,056275186,210299002180,"",909,*,*,*,*,*,*,*,*,*,*,*,*
20192020,056,JEFFERSON,275,Jefferson County,193,Mary Jo and William MacDonald Maryhurst,275193,056275193,210299001492,"",909,3,*,*,*,*,13,18.8,*,*,*,*,81.3
20192020,056,JEFFERSON,275,Jefferson County,200,duPont Manual High,275200,056275200,210299000734,"",909,461,*,*,6,5,*,96.4,*,*,1.3,1.0,*
20192020,056,JEFFERSON,275,Jefferson County,201,The Phoenix School of Discovery,275201,056275201,210299002121,"",909,25,4,*,10,14,3,44.6,7.1,*,17.9,25.0,5.4
20192020,056,JEFFERSON,275,Jefferson County,202,Minor Daniels Academy,275202,056275202,210299002412,"",909,*,*,*,*,*,7,*,18.2,*,*,*,63.6
20192020,056,JEFFERSON,275,Jefferson County,221,Brooklawn,275221,056275221,210299002399,"",909,*,*,*,*,*,*,*,20.0,*,*,*,*
20192020,056,JEFFERSON,275,Jefferson County,335,Iroquois High,275335,056275335,210299000753,"",909,122,6,40,16,39,11,52.1,*,17.1,6.8,16.7,4.7
20192020,056,JEFFERSON,275,Jefferson County,458,Mary Ryan Academy,275458,056275458,210299001860,"",909,*,*,*,*,*,11,*,*,*,*,*,91.7
20192020,056,JEFFERSON,275,Jefferson County,463,Louisville Metro Youth Center,275463,056275463,210299001082,"",909,*,*,*,*,*,8,*,*,*,*,*,100.0
20192020,056,JEFFERSON,275,Jefferson County,590,The Academy @ Shawnee,275590,056275590,210299000777,"",909,51,*,7,8,13,6,59.3,*,8.1,9.3,15.1,7.0
20192020,056,JEFFERSON,275,Jefferson County,769,Home of the Innocents School,275769,056275769,210299001946,"",909,*,*,*,*,*,*,*,*,*,*,*,*
20192020,056,JEFFERSON,275,Jefferson County,784,Peace Academy,275784,056275784,210299001613,"",909,*,*,*,*,*,*,*,*,*,*,*,*
20192020,056,JEFFERSON,275,Jefferson County,917,Churchill Park School,275917,056275917,210299000789,"",909,*,*,*,*,*,*,*,*,*,*,*,*
20192020,056,JEFFERSON,275,Jefferson County,951,Jefferson County High,275951,056275951,210299001947,"",909,53,5,3,4,3,130,26.8,*,1.5,2.0,1.5,65.7
20192020,067,LETCHER,276,Jenkins Independent,"",---District Total---,276,"","",KVEC,904,14,9,*,3,*,8,41.2,26.5,*,8.8,*,23.5
20192020,067,LETCHER,276,Jenkins Independent,011,Jenkins Independent School,276011,067276011,210300001642,KVEC,904,14,9,*,3,*,8,41.2,26.5,*,8.8,*,23.5
20192020,057,JESSAMINE,281,Jessamine County,"",---District Total---,281,"","",CKEC,901,390,6,13,86,31,43,68.5,*,2.3,15.1,5.4,7.6
20192020,057,JESSAMINE,281,Jessamine County,019,West Jessamine High School,281019,057281019,210303001640,CKEC,901,288,*,*,6,3,*,96.0,*,*,2.0,1.0,*
20192020,057,JESSAMINE,281,Jessamine County,021,East Jessamine High School,281021,057281021,210303001641,CKEC,901,102,5,13,79,28,*,44.7,*,5.7,34.6,12.3,*
20192020,057,JESSAMINE,281,Jessamine County,023,The Providence School,281023,057281023,210303001900,CKEC,901,*,*,*,*,*,39,*,*,*,*,*,100.0
20192020,057,JESSAMINE,281,Jessamine County,030,Ashgrove Academy,281030,057281030,210303002442,CKEC,901,*,*,*,*,*,*,*,*,*,*,*,*
20192020,058,JOHNSON,285,Johnson County,"",---District Total---,285,"","",KEDC,903,140,20,3,34,25,58,50,7.1,1.1,12.1,8.9,20.7
20192020,058,JOHNSON,285,Johnson County,050,Johnson County Alternative School,285050,058285050,210306001615,KEDC,903,*,*,*,*,*,6,*,*,*,*,*,100.0
20192020,058,JOHNSON,285,Johnson County,115,Johnson Central High School,285115,058285115,210306000802,KEDC,903,140,20,3,34,25,52,51.1,7.3,1.1,12.4,9.1,19.0
20192020,059,KENTON,291,Kenton County,"",---District Total---,291,"","",NKCES,905,584,38,26,251,60,22,59.5,3.9,2.7,25.6,6.1,2.2
20192020,059,KENTON,291,Kenton County,040,Dixie Heights High School,291040,059291040,210309000811,NKCES,905,183,15,*,99,16,18,55.0,4.5,*,29.7,4.8,5.4
20192020,059,KENTON,291,Kenton County,055,Northern Ky Youth Dev Center,291055,059291055,210309000814,NKCES,905,*,*,*,*,*,*,*,*,*,*,*,*
20192020,059,KENTON,291,Kenton County,090,Simon Kenton High School,291090,059291090,210309000818,NKCES,905,273,16,17,86,25,*,65.3,3.8,4.1,20.6,6.0,*
20192020,059,KENTON,291,Kenton County,120,Scott High School,291120,059291120,210309000823,NKCES,905,128,7,7,64,19,3,56.1,3.1,3.1,28.1,8.3,1.3
20192020,060,KNOTT,295,Knott County,"",---District Total---,295,"","",KVEC,904,98,9,*,25,5,12,65.3,6,*,16.7,3.3,8
20192020,060,KNOTT,295,Knott County,150,Cordia School,295150,060295150,210312002233,KVEC,904,*,6,*,4,*,*,*,42.9,*,28.6,*,*
20192020,060,KNOTT,295,Knott County,265,Knott County Central High School,295265,060295265,210312000837,KVEC,904,96,3,*,21,3,12,70.6,*,*,15.4,2.2,8.8
20192020,061,KNOX,301,Knox County,"",---District Total---,301,"","",SESC,907,63,8,4,107,63,19,23.9,3,1.5,40.5,23.9,7.2
20192020,061,KNOX,301,Knox County,022,Knox Appalachian School,301022,061301022,210315001997,SESC,907,*,*,*,*,4,4,*,*,*,*,50.0,50.0
20192020,061,KNOX,301,Knox County,150,Knox County Learning Academy,301150,061301150,210315000709,SESC,907,*,*,*,13,*,8,*,4.5,*,59.1,*,36.4
20192020,061,KNOX,301,Knox County,410,Knox Central High School,301410,061301410,210315000847,SESC,907,47,*,*,66,53,6,26.9,*,*,37.7,30.3,3.4
20192020,061,KNOX,301,Knox County,450,Lynn Camp Schools,301450,061301450,210315000850,SESC,907,16,6,*,28,6,*,27.1,10.2,*,47.5,10.2,*
20192020,062,LARUE,305,LaRue County,"",---District Total---,305,"","",GRREC,902,88,10,9,55,5,20,47.1,5.3,4.8,29.4,2.7,10.7
20192020,062,LARUE,305,LaRue County,040,LaRue County High School,305040,062305040,210318000853,GRREC,902,88,10,9,55,5,17,47.8,5.4,4.9,29.9,2.7,9.2
20192020,062,LARUE,305,LaRue County,100,The Life Connection,305100,062305100,210318002216,GRREC,902,*,*,*,*,*,3,*,*,*,*,*,100.0
20192020,063,LAUREL,311,Laurel County,"",---District Total---,311,"","",SESC,907,254,8,22,152,46,92,44.3,*,3.8,26.5,8,16
20192020,063,LAUREL,311,Laurel County,050,Laurel County Day Treatment,311050,063311050,210321001677,SESC,907,*,*,*,*,*,3,*,*,*,*,*,100.0
20192020,063,LAUREL,311,Laurel County,205,North Laurel High School,311205,063311205,210321000215,SESC,907,148,4,12,97,17,43,46.1,*,3.7,30.2,5.3,13.4
20192020,063,LAUREL,311,Laurel County,210,South Laurel High School,311210,063311210,210321000865,SESC,907,106,4,10,55,29,46,42.4,*,4.0,22.0,11.6,18.4
20192020,064,LAWRENCE,315,Lawrence County,"",---District Total---,315,"","",KEDC,903,84,12,*,14,3,33,57.1,8.2,*,9.5,2,22.4
20192020,064,LAWRENCE,315,Lawrence County,260,Lawrence County High School,315260,064315260,210324000874,KEDC,903,84,12,*,14,3,33,57.1,8.2,*,9.5,2.0,22.4
20192020,065,LEE,321,Lee County,"",---District Total---,321,"","",KVEC,904,31,8,3,33,*,*,40.3,10.4,3.9,42.9,*,*
20192020,065,LEE,321,Lee County,060,Lee County Middle High School,321060,065321060,210327002434,KVEC,904,31,8,3,33,*,*,40.3,10.4,3.9,42.9,*,*
20192020,066,LESLIE,325,Leslie County,"",---District Total---,325,"","",KVEC,904,67,*,*,19,17,12,57.8,*,*,16.4,14.7,10.3
20192020,066,LESLIE,325,Leslie County,350,Leslie County High School,325350,066325350,210333000885,KVEC,904,67,*,*,19,17,12,57.8,*,*,16.4,14.7,10.3
20192020,067,LETCHER,331,Letcher County,"",---District Total---,331,"","",KVEC,904,114,7,5,38,17,15,58.2,3.6,2.6,19.4,8.7,7.7
20192020,067,LETCHER,331,Letcher County,056,Letcher County Central High School,331056,067331056,210336001998,KVEC,904,114,7,5,38,17,15,58.2,3.6,2.6,19.4,8.7,7.7
20192020,068,LEWIS,335,Lewis County,"",---District Total---,335,"","",KEDC,903,63,10,6,52,41,7,35.2,5.6,3.4,29.1,22.9,3.9
20192020,068,LEWIS,335,Lewis County,120,Lewis County High School,335120,068335120,210339000910,KEDC,903,63,10,6,52,41,7,35.2,5.6,3.4,29.1,22.9,3.9
20192020,069,LINCOLN,341,Lincoln County,"",---District Total---,341,"","",SESC,907,91,4,6,76,28,27,39.2,*,2.6,32.8,12.1,11.6
20192020,069,LINCOLN,341,Lincoln County,095,Lincoln County High School,341095,069341095,210348000918,SESC,907,91,4,6,76,28,23,39.9,*,2.6,33.3,12.3,10.1
20192020,070,LIVINGSTON,345,Livingston County,"",---District Total---,345,"","",WKEC,908,45,3,4,18,*,15,51.7,3.4,4.6,20.7,*,17.2
20192020,070,LIVINGSTON,345,Livingston County,050,Livingston Central High School,345050,070345050,210351000924,WKEC,908,45,3,4,18,*,15,51.7,3.4,4.6,20.7,*,17.2
20192020,071,LOGAN,351,Logan County,"",---District Total---,351,"","",GRREC,902,77,27,4,111,16,22,30,10.5,1.6,43.2,6.2,8.6
20192020,071,LOGAN,351,Logan County,140,Logan County High School,351140,071351140,210354001458,GRREC,902,77,27,4,111,16,22,30.0,10.5,1.6,43.2,6.2,8.6
20192020,059,KENTON,354,Ludlow Independent,"",---District Total---,354,"","",NKCES,905,34,*,*,25,*,*,55.7,*,*,41,*,*
20192020,059,KENTON,354,Ludlow Independent,020,Ludlow High School,354020,059354020,210363000939,NKCES,905,34,*,*,25,*,*,55.7,*,*,41.0,*,*
20192020,072,LYON,361,Lyon County,"",---District Total---,361,"","",WKEC,908,24,4,3,21,7,3,38.7,6.5,4.8,33.9,11.3,4.8
20192020,072,LYON,361,Lyon County,070,Lyon County High School,361070,072361070,210369000943,WKEC,908,24,4,3,21,7,3,38.7,6.5,4.8,33.9,11.3,4.8
20192020,073,MADISON,365,Madison County,"",---District Total---,365,"","",SESC,907,460,71,27,185,9,65,56.3,8.7,3.3,22.6,1.1,8
20192020,073,MADISON,365,Madison County,050,Madison Central High School,365050,073365050,210372000949,SESC,907,286,69,20,82,*,10,61.2,14.8,4.3,17.6,*,2.1
20192020,073,MADISON,365,Madison County,150,Madison Southern High School,365150,073365150,210372001594,SESC,907,173,*,7,103,9,4,58.1,*,2.3,34.6,3.0,1.3
20192020,073,MADISON,365,Madison County,460,Model Laboratory High School,365460,073365460,210372001486,SESC,907,*,*,*,*,*,51,*,*,*,*,*,98.1
20192020,074,MAGOFFIN,371,Magoffin County,"",---District Total---,371,"","",KVEC,904,61,*,*,33,17,18,46.2,*,*,25,12.9,13.6
20192020,074,MAGOFFIN,371,Magoffin County,370,Magoffin County High School,371370,074371370,210375000960,KVEC,904,61,*,*,33,17,18,46.2,*,*,25.0,12.9,13.6
20192020,075,MARION,375,Marion County,"",---District Total---,375,"","",CKEC,901,88,16,8,86,24,20,36.4,6.6,3.3,35.5,9.9,8.3
20192020,075,MARION,375,Marion County,030,Hugh C. Spalding Academy,375030,075375030,210378002328,CKEC,901,*,*,*,33,7,5,*,*,*,70.2,14.9,10.6
20192020,075,MARION,375,Marion County,515,Marion County High School,375515,075375515,210378000970,CKEC,901,86,16,8,53,17,15,44.1,8.2,4.1,27.2,8.7,7.7
20192020,076,MARSHALL,381,Marshall County,"",---District Total---,381,"","",WKEC,908,228,*,11,64,6,35,66.1,*,3.2,18.6,1.7,10.1
20192020,076,MARSHALL,381,Marshall County,018,Star Academy High School,381018,076381018,210381002073,WKEC,908,28,*,*,11,*,*,68.3,*,*,26.8,*,*
20192020,076,MARSHALL,381,Marshall County,025,MC@HOME,381025,076381025,210381002474,WKEC,908,4,*,*,*,*,14,21.1,*,*,*,*,73.7
20192020,076,MARSHALL,381,Marshall County,088,Marshall County High School,381088,076381088,210381000976,WKEC,908,196,*,10,52,6,20,68.8,*,3.5,18.2,2.1,7.0
20192020,077,MARTIN,385,Martin County,"",---District Total---,385,"","",KEDC,903,64,5,*,14,14,20,54.7,4.3,*,12,12,17.1
20192020,077,MARTIN,385,Martin County,250,Martin County High School,385250,077385250,210384000985,KEDC,903,64,5,*,14,14,20,54.7,4.3,*,12.0,12.0,17.1
20192020,078,MASON,391,Mason County,"",---District Total---,391,"","",KEDC,903,*,*,*,*,*,176,*,*,*,*,*,100
20192020,078,MASON,391,Mason County,030,Mason County High School,391030,078391030,210387000989,KEDC,903,*,*,*,*,*,176,*,*,*,*,*,100.0
20192020,042,GRAVES,392,Mayfield Independent,"",---District Total---,392,"","",WKEC,908,35,7,*,49,3,6,35,7,*,49,3,6
20192020,042,GRAVES,392,Mayfield Independent,060,Mayfield High School,392060,042392060,210390000995,WKEC,908,35,7,*,49,3,6,35.0,7.0,*,49.0,3.0,6.0
20192020,079,MCCRACKEN,395,McCracken County,"",---District Total---,395,"","",WKEC,908,358,*,13,96,3,14,73.8,*,2.7,19.8,0.6,2.9
20192020,079,MCCRACKEN,395,McCracken County,012,McCracken Open Campus School,395012,079395012,210396001801,WKEC,908,8,*,5,26,3,3,17.8,*,11.1,57.8,6.7,6.7
20192020,079,MCCRACKEN,395,McCracken County,013,McCracken Regional School,395013,079395013,210396001862,WKEC,908,*,*,*,*,*,*,*,*,*,*,*,*
20192020,079,MCCRACKEN,395,McCracken County,015,McCracken County High School,395015,079395015,210396002332,WKEC,908,350,*,8,69,*,11,79.7,*,1.8,15.7,*,2.5
20192020,080,MCCREARY,401,McCreary County,"",---District Total---,401,"","",SESC,907,75,9,4,72,5,31,38.3,4.6,2,36.7,2.6,15.8
20192020,080,MCCREARY,401,McCreary County,010,McCreary Central High School,401010,080401010,210399001014,SESC,907,75,9,4,62,*,31,41.0,4.9,2.2,33.9,*,16.9
20192020,080,MCCREARY,401,McCreary County,012,McCreary Academy,401012,080401012,210399001805,SESC,907,*,*,*,10,3,*,*,*,*,76.9,23.1,*
20192020,081,MCLEAN,405,McLean County,"",---District Total---,405,"","",GRREC,902,65,*,3,24,*,15,60.2,*,2.8,22.2,*,13.9
20192020,081,MCLEAN,405,McLean County,065,McLean County High School,405065,081405065,210402001026,GRREC,902,65,*,3,24,*,15,60.2,*,2.8,22.2,*,13.9
20192020,082,MEADE,411,Meade County,"",---District Total---,411,"","",GRREC,902,129,114,22,106,10,26,31.7,28,5.4,26,2.5,6.4
20192020,082,MEADE,411,Meade County,012,Brandenburg High School,411012,082411012,210405001930,GRREC,902,*,*,*,7,*,3,*,8.3,*,58.3,*,25.0
20192020,082,MEADE,411,Meade County,013,James R. Allen High School,411013,082411013,210405002202,GRREC,902,*,*,*,*,*,4,*,*,*,*,*,100.0
20192020,082,MEADE,411,Meade County,070,Meade County High School,411070,082411070,210405001035,GRREC,902,128,113,22,99,10,19,32.7,28.9,5.6,25.3,2.6,4.9
20192020,083,MENIFEE,415,Menifee County,"",---District Total---,415,"","",KEDC,903,22,3,*,17,8,42,23.9,3.3,*,18.5,8.7,45.7
20192020,083,MENIFEE,415,Menifee County,090,Menifee County High School,415090,083415090,210408001040,KEDC,903,22,3,*,17,8,12,35.5,4.8,*,27.4,12.9,19.4
20192020,084,MERCER,421,Mercer County,"",---District Total---,421,"","",CKEC,901,71,6,6,40,49,20,37,3.1,3.1,20.8,25.5,10.4
20192020,084,MERCER,421,Mercer County,015,Mercer County Senior High School,421015,084421015,210411002168,CKEC,901,66,4,6,31,48,16,38.6,*,3.5,18.1,28.1,9.4
20192020,084,MERCER,421,Mercer County,040,Mercer Central,421040,084421040,210411002285,CKEC,901,5,*,*,9,*,4,23.8,9.5,*,42.9,*,19.0
20192020,085,METCALFE,425,Metcalfe County,"",---District Total---,425,"","",GRREC,902,29,32,*,49,*,15,23,25.4,*,38.9,*,11.9
20192020,085,METCALFE,425,Metcalfe County,050,Metcalfe County High School,425050,085425050,210414001044,GRREC,902,29,32,*,49,*,15,23.0,25.4,*,38.9,*,11.9
20192020,007,BELL,426,Middlesboro Independent,"",---District Total---,426,"","",SESC,907,62,*,*,16,4,23,59,*,*,15.2,3.8,21.9
20192020,007,BELL,426,Middlesboro Independent,023,Middlesboro Alternative School,426023,007426023,210417001680,SESC,907,*,*,*,*,*,10,*,*,*,*,*,90.9
20192020,007,BELL,426,Middlesboro Independent,080,Middlesboro High School,426080,007426080,210417001050,SESC,907,62,*,*,15,4,13,66.0,*,*,16.0,4.3,13.8
20192020,086,MONROE,431,Monroe County,"",---District Total---,431,"","",GRREC,902,37,22,*,36,7,12,32.2,19.1,*,31.3,6.1,10.4
20192020,086,MONROE,431,Monroe County,450,Monroe Co High,431450,086431450,210420001056,GRREC,902,37,22,*,36,7,12,32.2,19.1,*,31.3,6.1,10.4
20192020,087,MONTGOMERY,435,Montgomery County,"",---District Total---,435,"","",CKEC,901,217,13,8,67,16,38,60.4,3.6,2.2,18.7,4.5,10.6
20192020,087,MONTGOMERY,435,Montgomery County,013,Hillcrest Hall Treatment Center,435013,087435013,210425001867,CKEC,901,*,*,*,*,*,9,*,*,*,*,*,100.0
20192020,087,MONTGOMERY,435,Montgomery County,014,Gateway Children's Services,435014,087435014,210425001868,CKEC,901,*,*,*,*,*,3,*,*,*,*,*,100.0
20192020,087,MONTGOMERY,435,Montgomery County,040,Montgomery County High School,435040,087435040,210425001059,CKEC,901,215,9,8,55,14,*,71.4,3.0,2.7,18.3,4.7,*
20192020,087,MONTGOMERY,435,Montgomery County,080,The Sterling School,435080,087435080,210425002317,CKEC,901,*,4,*,12,*,25,*,8.9,*,26.7,*,55.6
20192020,088,MORGAN,441,Morgan County,"",---District Total---,441,"","",KEDC,903,54,29,4,38,*,16,37.8,20.3,2.8,26.6,*,11.2
20192020,088,MORGAN,441,Morgan County,150,Morgan County High School,441150,088441150,210429001068,KEDC,903,54,29,4,38,*,7,40.3,21.6,3.0,28.4,*,5.2
20192020,088,MORGAN,441,Morgan County,230,Woodsbend Youth Development Center,441230,088441230,210429001070,KEDC,903,*,*,*,*,*,9,*,*,*,*,*,100.0
20192020,089,MUHLENBERG,445,Muhlenberg County,"",---District Total---,445,"","",WKEC,908,148,6,8,72,18,153,36.5,*,2,17.8,4.4,37.8
20192020,089,MUHLENBERG,445,Muhlenberg County,175,Muhlenberg County High School,445175,089445175,210008102258,WKEC,908,148,6,8,72,17,78,45.0,*,2.4,21.9,5.2,23.7
20192020,018,CALLOWAY,446,Murray Independent,"",---District Total---,446,"","",WKEC,908,85,9,*,8,4,4,75.9,8,*,7.1,3.6,3.6
20192020,018,CALLOWAY,446,Murray Independent,050,Murray High School,446050,018446050,210438001086,WKEC,908,85,9,*,8,4,4,75.9,8.0,*,7.1,3.6,3.6
20192020,090,NELSON,451,Nelson County,"",---District Total---,451,"","",CKEC,901,42,*,3,28,13,258,12.2,*,0.9,8.1,3.8,75
20192020,090,NELSON,451,Nelson County,019,The Academy at Horizons,451019,090451019,210441002212,CKEC,901,*,*,*,*,*,34,*,*,*,*,*,97.1
20192020,090,NELSON,451,Nelson County,100,Nelson County High School,451100,090451100,210441001096,CKEC,901,*,*,*,*,*,146,*,*,*,*,*,100.0
20192020,090,NELSON,451,Nelson County,101,Thomas Nelson High School,451101,090451101,210441002324,CKEC,901,42,*,3,27,13,78,25.8,*,1.8,16.6,8.0,47.9
20192020,019,CAMPBELL,452,Newport Independent,"",---District Total---,452,"","",NKCES,905,46,*,4,35,9,*,47.4,*,4.1,36.1,9.3,*
20192020,019,CAMPBELL,452,Newport Independent,018,Newport Regional School,452018,019452018,210444002401,NKCES,905,*,*,*,*,*,*,*,*,*,*,*,*
20192020,019,CAMPBELL,452,Newport Independent,070,Newport High School,452070,019452070,210444001103,NKCES,905,46,*,4,35,9,*,47.9,*,4.2,36.5,9.4,*
20192020,091,NICHOLAS,455,Nicholas County,"",---District Total---,455,"","",CKEC,901,30,*,5,25,10,*,42.9,*,7.1,35.7,14.3,*
20192020,091,NICHOLAS,455,Nicholas County,030,Nicholas County High School,455030,091455030,210447001107,CKEC,901,30,*,5,25,10,*,42.9,*,7.1,35.7,14.3,*
20192020,092,OHIO,461,Ohio County,"",---District Total---,461,"","",GRREC,902,129,6,7,60,18,15,54.9,*,3,25.5,7.7,6.4
20192020,092,OHIO,461,Ohio County,011,Ohio County Day Treatment,461011,092461011,210450002361,GRREC,902,*,*,*,*,*,*,*,*,*,*,*,*
20192020,092,OHIO,461,Ohio County,012,Ohio County Alternative Learning Program,461012,092461012,210450002353,GRREC,902,*,*,*,3,*,*,*,*,*,75.0,*,*
20192020,092,OHIO,461,Ohio County,155,Ohio County High School,461155,092461155,210450001116,GRREC,902,128,6,7,56,18,13,56.1,*,3.1,24.6,7.9,5.7
20192020,093,OLDHAM,465,Oldham County,"",---District Total---,465,"","",OVEC,906,761,27,25,129,51,27,74.6,*,2.5,12.6,5,2.6
20192020,093,OLDHAM,465,Oldham County,012,North Oldham High School,465012,093465012,210453001953,OVEC,906,233,*,8,5,*,5,92.8,*,3.2,2.0,*,2.0
20192020,093,OLDHAM,465,Oldham County,060,Oldham County High School,465060,093465060,210453001125,OVEC,906,260,13,14,91,29,11,62.2,3.1,3.3,21.8,6.9,2.6
20192020,093,OLDHAM,465,Oldham County,080,Buckner Alternative High School,465080,093465080,210453000735,OVEC,906,*,*,*,9,*,*,*,*,*,75.0,*,*
20192020,093,OLDHAM,465,Oldham County,095,South Oldham High School,465095,093465095,210453001620,OVEC,906,268,14,*,24,20,11,79.1,4.1,*,7.1,5.9,3.2
20192020,030,DAVIESS,472,Owensboro Independent,"",---District Total---,472,"","",GRREC,902,140,9,4,95,3,35,49,3.1,1.4,33.2,1,12.2
20192020,030,DAVIESS,472,Owensboro Independent,015,Emerson Academy,472015,030472015,210459002011,GRREC,902,*,*,*,3,*,23,*,*,*,11.5,*,88.5
20192020,030,DAVIESS,472,Owensboro Independent,110,Owensboro High School,472110,030472110,210459001136,GRREC,902,140,9,4,92,3,12,53.8,3.5,1.5,35.4,1.2,4.6
20192020,095,OWSLEY,475,Owsley County,"",---District Total---,475,"","",KVEC,904,10,12,*,8,4,5,25.6,30.8,*,20.5,10.3,12.8
20192020,095,OWSLEY,475,Owsley County,080,Owsley County High School,475080,095475080,210462001143,KVEC,904,10,12,*,8,4,5,25.6,30.8,*,20.5,10.3,12.8
20192020,079,MCCRACKEN,476,Paducah Independent,"",---District Total---,476,"","",WKEC,908,139,*,6,22,3,17,74.3,*,3.2,11.8,1.6,9.1
20192020,079,MCCRACKEN,476,Paducah Independent,016,Choices Educational Center,476016,079476016,210465002364,WKEC,908,*,*,*,*,*,3,*,*,*,*,*,100.0
20192020,079,MCCRACKEN,476,Paducah Independent,170,Paducah Tilghman High School,476170,079476170,210465001154,WKEC,908,139,*,6,22,3,14,75.5,*,3.3,12.0,1.6,7.6
20192020,058,JOHNSON,477,Paintsville Independent,"",---District Total---,477,"","",KEDC,903,38,*,3,7,6,*,67.9,*,5.4,12.5,10.7,*
20192020,058,JOHNSON,477,Paintsville Independent,020,Paintsville High School,477020,058477020,210468001156,KEDC,903,38,*,3,7,6,*,67.9,*,5.4,12.5,10.7,*
20192020,009,BOURBON,478,Paris Independent,"",---District Total---,478,"","",CKEC,901,35,*,3,8,*,*,72.9,*,6.3,16.7,*,*
20192020,009,BOURBON,478,Paris Independent,020,Paris High School,478020,009478020,210471001158,CKEC,901,35,*,3,8,*,*,72.9,*,6.3,16.7,*,*
20192020,096,PENDLETON,481,Pendleton County,"",---District Total---,481,"","",NKCES,905,74,*,9,81,7,28,37,*,4.5,40.5,3.5,14
20192020,096,PENDLETON,481,Pendleton County,070,Pendleton County High School,481070,096481070,210474001161,NKCES,905,74,*,9,81,7,28,37.0,*,4.5,40.5,3.5,14.0
20192020,097,PERRY,485,Perry County,"",---District Total---,485,"","",KVEC,904,136,25,*,33,17,38,54.4,10,*,13.2,6.8,15.2
20192020,097,PERRY,485,Perry County,010,Buckhorn Childrens Center,485010,097485010,210477002422,KVEC,904,*,*,*,*,*,*,*,*,*,*,*,*
20192020,097,PERRY,485,Perry County,130,Buckhorn School,485130,097485130,210477001166,KVEC,904,22,*,*,4,5,*,68.8,*,*,12.5,15.6,*
20192020,097,PERRY,485,Perry County,140,Learning Academy,485140,097485140,210477002398,KVEC,904,*,*,*,*,*,10,*,6.7,*,*,*,66.7
20192020,097,PERRY,485,Perry County,250,Perry County Central High School,485250,097485250,210477000755,KVEC,904,112,24,*,27,12,26,55.4,11.9,*,13.4,5.9,12.9
20192020,098,PIKE,491,Pike County,"",---District Total---,491,"","",KVEC,904,220,127,15,64,24,140,37.3,21.5,2.5,10.8,4.1,23.7
20192020,098,PIKE,491,Pike County,054,East Ridge High School,491054,098491054,210480001948,KVEC,904,44,45,*,16,*,*,40.0,40.9,*,14.5,*,*
20192020,098,PIKE,491,Pike County,090,Belfry High School,491090,098491090,210480001179,KVEC,904,90,16,7,16,11,*,63.4,11.3,4.9,11.3,7.7,*
20192020,098,PIKE,491,Pike County,190,Pike County Central High School,491190,098491190,210480000505,KVEC,904,70,48,*,29,4,*,46.4,31.8,*,19.2,2.6,*
20192020,098,PIKE,491,Pike County,954,Phelps High School,491954,098491954,210480001204,KVEC,904,16,18,6,3,7,*,32.0,36.0,12.0,6.0,14.0,*
20192020,098,PIKE,491,Pike County,980,Shelby Valley High School,491980,098491980,210480001686,KVEC,904,*,*,*,*,*,137,*,*,*,*,*,100.0
20192020,098,PIKE,492,Pikeville Independent,"",---District Total---,492,"","",KVEC,904,80,*,*,8,*,*,87,*,*,8.7,*,*
20192020,098,PIKE,492,Pikeville Independent,030,Pikeville High School,492030,098492030,210483001214,KVEC,904,80,*,*,8,*,*,87.0,*,*,8.7,*,*
20192020,007,BELL,493,Pineville Independent,"",---District Total---,493,"","",SESC,907,22,*,*,10,*,3,56.4,5.1,*,25.6,*,7.7
20192020,007,BELL,493,Pineville Independent,030,Pineville Independent School,493030,007493030,210486002393,SESC,907,22,*,*,10,*,3,56.4,5.1,*,25.6,*,7.7
20192020,099,POWELL,495,Powell County,"",---District Total---,495,"","",CKEC,901,92,8,7,16,14,10,62.6,5.4,4.8,10.9,9.5,6.8
20192020,099,POWELL,495,Powell County,012,Powell County Academy,495012,099495012,210489002360,CKEC,901,3,*,*,*,*,*,50.0,16.7,*,*,*,*
20192020,099,POWELL,495,Powell County,040,Powell County High School,495040,099495040,210489001220,CKEC,901,89,7,7,15,14,9,63.1,5.0,5.0,10.6,9.9,6.4
20192020,100,PULASKI,501,Pulaski County,"",---District Total---,501,"","",SESC,907,350,4,14,127,*,66,62.2,*,2.5,22.6,*,11.7
20192020,100,PULASKI,501,Pulaski County,071,Pulaski Day Treatment~Eagle Academy,501071,100501071,210495001554,SESC,907,6,*,*,3,*,*,50.0,16.7,*,25.0,*,*
20192020,100,PULASKI,501,Pulaski County,380,Pulaski County High School,501380,100501380,210495001233,SESC,907,155,*,8,66,*,24,60.5,*,3.1,25.8,*,9.4
20192020,100,PULASKI,501,Pulaski County,400,Southwestern High School,501400,100501400,210495000506,SESC,907,189,*,6,58,*,42,64.1,*,2.0,19.7,*,14.2
20192020,045,GREENUP,502,Raceland-Worthington Independent,"",---District Total---,502,"","",KEDC,903,70,*,4,10,4,3,76.9,*,4.4,11,4.4,3.3
20192020,045,GREENUP,502,Raceland-Worthington Independent,011,Raceland-Worthington Schools Campus B,502011,045502011,210498002015,KEDC,903,*,*,*,*,*,*,*,*,*,*,*,*
20192020,045,GREENUP,502,Raceland-Worthington Independent,020,Raceland-Worthington High School,502020,045502020,210498001240,KEDC,903,70,*,4,7,3,*,83.3,*,4.8,8.3,3.6,*
20192020,045,GREENUP,502,Raceland-Worthington Independent,160,Raceland-Worthington Schools Campus A,502160,045502160,210498001465,KEDC,903,*,*,*,3,*,*,*,*,*,50.0,*,*
20192020,101,ROBERTSON,505,Robertson County,"",---District Total---,505,"","",KEDC,903,15,4,*,*,*,*,65.2,17.4,*,*,*,*
20192020,101,ROBERTSON,505,Robertson County,010,Robertson County School,505010,101505010,210504001246,KEDC,903,15,4,*,*,*,*,65.2,17.4,*,*,*,*
20192020,102,ROCKCASTLE,511,Rockcastle County,"",---District Total---,511,"","",SESC,907,67,8,12,79,21,16,33,3.9,5.9,38.9,10.3,7.9
20192020,102,ROCKCASTLE,511,Rockcastle County,022,Rockcastle Academy for Academic Achievement,511022,102511022,210507001906,SESC,907,*,*,*,9,*,*,*,*,*,90.0,*,*
20192020,102,ROCKCASTLE,511,Rockcastle County,310,Rockcastle County High School,511310,102511310,210507001252,SESC,907,67,8,12,70,21,15,34.7,4.1,6.2,36.3,10.9,7.8
20192020,103,ROWAN,515,Rowan County,"",---District Total---,515,"","",KEDC,903,122,23,4,57,24,4,52.1,9.8,1.7,24.4,10.3,1.7
20192020,103,ROWAN,515,Rowan County,130,Morehead Youth Development Center,515130,103515130,210510001258,KEDC,903,*,*,*,*,*,*,*,*,*,*,*,*
20192020,103,ROWAN,515,Rowan County,132,Bluegrass Discovery Academy High,515132,103515132,210510002342,KEDC,903,*,*,*,4,3,*,*,*,*,57.1,42.9,*
20192020,103,ROWAN,515,Rowan County,180,Rowan County Senior High School,515180,103515180,210510001260,KEDC,903,122,23,4,53,21,*,54.2,10.2,1.8,23.6,9.3,*
20192020,104,RUSSELL,521,Russell County,"",---District Total---,521,"","",GRREC,902,92,*,6,67,24,22,43.6,*,2.8,31.8,11.4,10.4
20192020,104,RUSSELL,521,Russell County,240,Russell County High School,521240,104521240,210516001265,GRREC,902,92,*,6,67,24,22,43.6,*,2.8,31.8,11.4,10.4
20192020,045,GREENUP,522,Russell Independent,"",---District Total---,522,"","",KEDC,903,96,36,6,17,7,6,57.1,21.4,3.6,10.1,4.2,3.6
20192020,045,GREENUP,522,Russell Independent,050,Russell High School,522050,045522050,210513001272,KEDC,903,96,36,6,17,7,6,57.1,21.4,3.6,10.1,4.2,3.6
20192020,071,LOGAN,523,Russellville Independent,"",---District Total---,523,"","",GRREC,902,28,*,*,27,*,11,40.6,*,*,39.1,*,15.9
20192020,071,LOGAN,523,Russellville Independent,030,Russellville High School,523030,071523030,210519001275,GRREC,902,28,*,*,27,*,11,40.6,*,*,39.1,*,15.9
20192020,105,SCOTT,525,Scott County,"",---District Total---,525,"","",CKEC,901,333,14,17,92,59,88,55.2,*,2.8,15.3,9.8,14.6
20192020,105,SCOTT,525,Scott County,005,Phoenix Horizon Community,525005,105525005,210526002432,CKEC,901,*,*,*,11,9,53,*,*,*,14.9,12.2,71.6
20192020,105,SCOTT,525,Scott County,040,Scott County High School,525040,105525040,210526001283,CKEC,901,333,13,17,81,50,35,62.9,*,3.2,15.3,9.5,6.6
20192020,106,SHELBY,531,Shelby County,"",---District Total---,531,"","",OVEC,906,198,24,11,152,38,92,38.4,4.7,2.1,29.5,7.4,17.9
20192020,106,SHELBY,531,Shelby County,040,Martha Layne Collins High School,531040,106531040,210532002253,OVEC,906,120,22,3,71,19,25,46.2,8.5,1.2,27.3,7.3,9.6
20192020,106,SHELBY,531,Shelby County,090,Shelby County High School,531090,106531090,210532001292,OVEC,906,78,*,8,79,19,63,31.3,*,3.2,31.7,7.6,25.3
20192020,106,SHELBY,531,Shelby County,170,Ascension Academy,531170,106531170,210532001690,OVEC,906,*,*,*,*,*,4,*,*,*,*,*,66.7
20192020,107,SIMPSON,535,Simpson County,"",---District Total---,535,"","",GRREC,902,88,18,13,72,22,17,38.3,7.8,5.7,31.3,9.6,7.4
20192020,107,SIMPSON,535,Simpson County,007,Franklin-Simpson High School West Campus,535007,107535007,210540001652,GRREC,902,*,*,*,27,*,4,*,*,*,79.4,*,11.8
20192020,107,SIMPSON,535,Simpson County,040,Franklin-Simpson High School,535040,107535040,210540001301,GRREC,902,87,18,11,45,22,13,44.4,9.2,5.6,23.0,11.2,6.6
20192020,100,PULASKI,536,Somerset Independent,"",---District Total---,536,"","",SESC,907,92,*,3,9,*,23,71.9,*,2.3,7,*,18
20192020,100,PULASKI,536,Somerset Independent,070,Somerset High School,536070,100536070,210543001310,SESC,907,92,*,3,9,*,23,71.9,*,2.3,7.0,*,18.0
20192020,108,SPENCER,541,Spencer County,"",---District Total---,541,"","",OVEC,906,168,10,8,33,*,8,73.4,4.4,3.5,14.4,*,3.5
20192020,108,SPENCER,541,Spencer County,042,Hillview Academy,541042,108541042,210549002051,OVEC,906,3,*,*,*,*,*,37.5,*,*,*,*,*
20192020,108,SPENCER,541,Spencer County,050,Spencer County High School,541050,108541050,210549001315,OVEC,906,165,10,6,32,*,8,74.7,4.5,2.7,14.5,*,3.6
20192020,109,TAYLOR,545,Taylor County,"",---District Total---,545,"","",GRREC,902,62,3,6,73,57,6,30,*,2.9,35.3,27.5,2.9
20192020,109,TAYLOR,545,Taylor County,030,Taylor County High School,545030,109545030,210552001318,GRREC,902,62,3,6,73,57,6,30.0,*,2.9,35.3,27.5,2.9
20192020,110,TODD,551,Todd County,"",---District Total---,551,"","",GRREC,902,33,*,7,31,16,39,26.2,*,5.6,24.6,12.7,31
20192020,110,TODD,551,Todd County,017,Horizons High School,551017,110551017,210555002034,GRREC,902,*,*,*,10,*,4,*,*,*,55.6,*,22.2
20192020,110,TODD,551,Todd County,095,Todd County Central High School,551095,110551095,210555001325,GRREC,902,32,*,6,21,14,35,29.6,*,5.6,19.4,13.0,32.4
20192020,111,TRIGG,555,Trigg County,"",---District Total---,555,"","",WKEC,908,68,14,7,22,9,12,51.5,10.6,5.3,16.7,6.8,9.1
20192020,111,TRIGG,555,Trigg County,070,Trigg County High School,555070,111555070,210558001329,WKEC,908,68,14,7,22,9,12,51.5,10.6,5.3,16.7,6.8,9.1
20192020,112,TRIMBLE,561,Trimble County,"",---District Total---,561,"","",OVEC,906,30,4,*,25,11,4,39.5,5.3,*,32.9,14.5,5.3
20192020,112,TRIMBLE,561,Trimble County,025,Trimble County JR/SR High School,561025,112561025,210561002475,OVEC,906,30,4,*,25,11,4,39.5,5.3,*,32.9,14.5,5.3
20192020,113,UNION,565,Union County,"",---District Total---,565,"","",WKEC,908,93,3,3,47,9,24,52,*,1.7,26.3,5,13.4
20192020,113,UNION,565,Union County,021,Union County Learning Academy,565021,113565021,210564001872,WKEC,908,*,*,*,4,*,3,*,*,*,57.1,*,42.9
20192020,113,UNION,565,Union County,065,Union County High School,565065,113565065,210564001338,WKEC,908,93,3,3,43,9,21,54.1,*,1.7,25.0,5.2,12.2
20192020,008,BOONE,567,Walton-Verona Independent,"",---District Total---,567,"","",NKCES,905,74,5,7,38,7,*,56.5,3.8,5.3,29,5.3,*
20192020,008,BOONE,567,Walton-Verona Independent,020,Walton-Verona High School,567020,008567020,210570001342,NKCES,905,74,5,7,38,7,*,56.5,3.8,5.3,29.0,5.3,*
20192020,114,WARREN,571,Warren County,"",---District Total---,571,"","",GRREC,902,536,157,48,334,143,13,43.5,12.8,3.9,27.1,11.6,1.1
20192020,114,WARREN,571,Warren County,003,South Warren High School,571003,114571003,210573002277,GRREC,902,160,33,11,42,39,*,56.1,11.6,3.9,14.7,13.7,*
20192020,114,WARREN,571,Warren County,016,Lighthouse Academy,571016,114571016,210573001926,GRREC,902,10,*,*,123,24,5,6.2,*,*,75.9,14.8,3.1
20192020,114,WARREN,571,Warren County,020,Beacon Academy,571020,114571020,210573002410,GRREC,902,19,*,*,20,12,*,35.8,3.8,*,37.7,22.6,*
20192020,114,WARREN,571,Warren County,210,Warren Central High School,571210,114571210,210573001353,GRREC,902,74,74,14,38,3,*,36.3,36.3,6.9,18.6,1.5,*
20192020,114,WARREN,571,Warren County,220,Warren East High School,571220,114571220,210573001354,GRREC,902,114,12,16,35,15,*,59.1,6.2,8.3,18.1,7.8,*
20192020,114,WARREN,571,Warren County,230,Greenwood High School,571230,114571230,210573001692,GRREC,902,142,36,6,61,29,4,51.1,12.9,2.2,21.9,10.4,1.4
20192020,114,WARREN,571,Warren County,245,GEO International High School,571245,114571245,210573002427,GRREC,902,16,*,*,8,21,*,34.8,*,*,17.4,45.7,*
20192020,114,WARREN,571,Warren County,455,Warren County Day Treatment,571455,114571455,210573001540,GRREC,902,*,*,*,7,*,*,*,*,*,70.0,*,*
20192020,115,WASHINGTON,575,Washington County,"",---District Total---,575,"","",CKEC,901,43,20,4,35,18,8,33.6,15.6,3.1,27.3,14.1,6.3
20192020,115,WASHINGTON,575,Washington County,021,Commander Academy,575021,115575021,210576002358,CKEC,901,3,3,*,7,6,*,14.3,14.3,*,33.3,28.6,*
20192020,115,WASHINGTON,575,Washington County,074,Washington County High School,575074,115575074,210576001358,CKEC,901,40,17,4,28,12,6,37.4,15.9,3.7,26.2,11.2,5.6
20192020,116,WAYNE,581,Wayne County,"",---District Total---,581,"","",SESC,907,80,*,4,99,20,21,35.4,*,1.8,43.8,8.8,9.3
20192020,116,WAYNE,581,Wayne County,060,Wayne County Learning Academy,581060,116581060,210579002403,SESC,907,*,*,*,*,*,4,*,*,*,*,*,100.0
20192020,116,WAYNE,581,Wayne County,170,Lake Cumberland Youth Development Center,581170,116581170,210579001361,SESC,907,*,*,*,6,*,5,*,7.7,*,46.2,*,38.5
20192020,116,WAYNE,581,Wayne County,180,Otter Creek Academy,581180,116581180,210579002250,SESC,907,*,*,*,*,3,5,*,*,*,*,33.3,55.6
20192020,116,WAYNE,581,Wayne County,200,Wayne County High School,581200,116581200,210579001224,SESC,907,79,*,4,93,16,7,39.5,*,2.0,46.5,8.0,3.5
20192020,117,WEBSTER,585,Webster County,"",---District Total---,585,"","",WKEC,908,69,*,*,34,32,13,45.7,*,*,22.5,21.2,8.6
20192020,117,WEBSTER,585,Webster County,130,Webster County High School,585130,117585130,210582001374,WKEC,908,69,*,*,34,32,13,45.7,*,*,22.5,21.2,8.6
20192020,118,WHITLEY,591,Whitley County,"",---District Total---,591,"","",SESC,907,97,*,5,117,20,21,37,*,1.9,44.7,7.6,8
20192020,118,WHITLEY,591,Whitley County,225,Whitley County Alternative School,591225,118591225,210588001262,SESC,907,*,*,*,10,*,13,*,*,*,43.5,*,56.5
20192020,118,WHITLEY,591,Whitley County,430,Whitley County High School,591430,118591430,210588001386,SESC,907,97,*,5,107,20,8,40.6,*,2.1,44.8,8.4,3.3
20192020,118,WHITLEY,592,Williamsburg Independent,"",---District Total---,592,"","",SESC,907,45,*,*,*,*,7,84.9,*,*,*,*,13.2
20192020,118,WHITLEY,592,Williamsburg Independent,012,Williamsburg City School,592012,118592012,210591001939,SESC,907,45,*,*,*,*,7,84.9,*,*,*,*,13.2
20192020,041,GRANT,593,Williamstown Independent,"",---District Total---,593,"","",NKCES,905,27,*,3,14,*,4,52.9,3.9,5.9,27.5,*,7.8
20192020,041,GRANT,593,Williamstown Independent,030,Williamstown Sr. High,593030,041593030,210594002308,NKCES,905,27,*,3,14,*,4,52.9,3.9,5.9,27.5,*,7.8
20192020,119,WOLFE,595,Wolfe County,"",---District Total---,595,"","",KVEC,904,23,22,3,44,*,*,24.5,23.4,3.2,46.8,*,*
20192020,119,WOLFE,595,Wolfe County,140,Dessie Scott School,595140,119595140,210597002380,KVEC,904,*,*,*,*,*,*,*,*,*,*,*,*
20192020,119,WOLFE,595,Wolfe County,312,Success Academy,595312,119595312,210597002369,KVEC,904,*,*,*,18,*,*,*,4.8,*,85.7,*,*
20192020,119,WOLFE,595,Wolfe County,320,Wolfe County High School,595320,119595320,210597001397,KVEC,904,22,21,3,24,*,*,31.0,29.6,4.2,33.8,*,*
20192020,120,WOODFORD,601,Woodford County,"",---District Total---,601,"","",CKEC,901,142,59,11,74,7,6,47.5,19.7,3.7,24.7,2.3,2
20192020,120,WOODFORD,601,Woodford County,013,Safe Harbor Academy,601013,120601013,210600001840,CKEC,901,*,*,*,11,5,*,*,*,*,61.1,27.8,*
20192020,120,WOODFORD,601,Woodford County,084,Woodford County High School,601084,120601084,210600001404,CKEC,901,140,59,11,63,*,6,49.8,21.0,3.9,22.4,*,2.1
20192020,056,JEFFERSON,602,Kentucky School for the Blind District,"",---District Total---,602,"","","",909,*,*,*,3,*,3,*,*,*,37.5,*,37.5
20192020,056,JEFFERSON,602,Kentucky School for the Blind,176,Kentucky School for the Blind,602176,056602176,210009401779,"",909,*,*,*,3,*,3,*,*,*,37.5,*,37.5
20192020,011,BOYLE,603,Kentucky School for the Deaf District,"",---District Total---,603,"","",CKEC,901,5,*,*,*,*,*,55.6,*,*,*,*,*
20192020,011,BOYLE,603,Kentucky School for the Deaf,390,Kentucky School for the Deaf,603390,011603390,210009501715,CKEC,901,5,*,*,*,*,*,55.6,*,*,*,*,*
20192020,"","",999,State,"",---State Total---,999,"","","","",23140,2188,1360,9750,3765,6127,49.9,4.7,2.9,21,8.1,13.2
