State code (STATEFIP),State name,PUMA of Migration (MIGPUMA or MIGPUMA1),PUMA (PUMA)
1,Alabama,100,100
1,Alabama,290,00200-00300
1,Alabama,400,400
1,Alabama,500,500
1,Alabama,600,600
1,Alabama,700,700
1,Alabama,800,800
1,Alabama,900,00901-00905
1,Alabama,1000,1000
1,Alabama,1100,1100
1,Alabama,1200,1200
1,Alabama,1300,1300
1,Alabama,1400,1400
1,Alabama,1500,1500
1,Alabama,1600,1600
1,Alabama,1700,1700
1,Alabama,1800,1800
1,Alabama,1990,01900-02000
1,Alabama,2100,2100
1,Alabama,2290,02200-02300
1,Alabama,2400,2400
1,Alabama,2500,2500
1,Alabama,2600,2600
2,Alaska,100,00101-00102
2,Alaska,200,200
2,Alaska,300,300
2,Alaska,400,400
4,Arizona,100,00101-00122
4,Arizona,200,00201-00207
4,Arizona,300,300
4,Arizona,400,400
4,Arizona,500,500
4,Arizona,600,600
4,Arizona,700,700
4,Arizona,800,800
4,Arizona,900,900
5,Arkansas,100,100
5,Arkansas,200,200
5,Arkansas,300,300
5,Arkansas,400,400
5,Arkansas,500,500
5,Arkansas,600,600
5,Arkansas,700,700
5,Arkansas,800,800
5,Arkansas,990,00900-01000
5,Arkansas,1100,1100
5,Arkansas,1200,1200
5,Arkansas,1300,1300
5,Arkansas,1400,1400
5,Arkansas,1500,1500
5,Arkansas,1600,1600
5,Arkansas,1700,1700
5,Arkansas,1800,1800
5,Arkansas,1900,1900
6,California,100,100
6,California,200,200
6,California,300,300
6,California,400,400
6,California,500,500
6,California,600,600
6,California,700,700
6,California,800,800
6,California,900,900
6,California,1000,1000
6,California,1100,01101-01103
6,California,1200,01201-01202
6,California,1300,01301-01303
6,California,1490,01401-01506
6,California,1600,01601-01602
6,California,1700,1700
6,California,1800,1800
6,California,1990,01901-02002
6,California,2100,02101-02108
6,California,2200,02201-02207
6,California,2300,02301-02306
6,California,2400,02401-02410
6,California,2590,02500-02602
6,California,2700,02701-02714
6,California,2800,02801-02802
6,California,2990,02900-03002
6,California,3100,3100
6,California,3200,3200
6,California,3390,03301-03402
6,California,3500,03501-03503
6,California,3600,3600
6,California,3700,03701-03702
6,California,3890,03800-03903
6,California,4090,04000-04407
6,California,4590,04500-06126
6,California,6290,06200-06602
6,California,6700,06701-06702
6,California,6890,06801-07607
6,California,7790,07700-08005
6,California,8100,08101-08116
6,California,8200,8200
8,Colorado,190,00101-00200
8,Colorado,300,300
8,Colorado,400,400
8,Colorado,500,00501-00502
8,Colorado,600,600
8,Colorado,700,700
8,Colorado,800,00801-00822
8,Colorado,900,00901-00905
8,Colorado,1000,1000
9,Connecticut,100,100
9,Connecticut,200,200
9,Connecticut,300,300
9,Connecticut,400,400
9,Connecticut,500,500
9,Connecticut,600,600
9,Connecticut,700,700
9,Connecticut,800,800
9,Connecticut,900,900
9,Connecticut,1000,1000
9,Connecticut,1100,1100
9,Connecticut,1200,1200
9,Connecticut,1300,1300
9,Connecticut,1400,1400
9,Connecticut,1500,1500
9,Connecticut,1600,1600
9,Connecticut,1700,1700
9,Connecticut,1800,1800
9,Connecticut,1900,1900
9,Connecticut,2000,2000
9,Connecticut,2100,2100
9,Connecticut,2200,2200
9,Connecticut,2300,2300
9,Connecticut,2400,2400
9,Connecticut,2500,2500
10,Delaware,100,00101-00104
10,Delaware,200,200
10,Delaware,300,300
11,District of Columbia,100,00101-00105
12,Florida,100,00101-00102
12,Florida,200,200
12,Florida,300,300
12,Florida,400,400
12,Florida,500,500
12,Florida,600,600
12,Florida,700,00701-00702
12,Florida,800,800
12,Florida,900,900
12,Florida,1000,01001-01002
12,Florida,1100,01101-01107
12,Florida,1200,1200
12,Florida,1300,1300
12,Florida,1400,1400
12,Florida,1500,01501-01502
12,Florida,1600,1600
12,Florida,1700,1700
12,Florida,1800,01801-01802
12,Florida,1900,01901-01903
12,Florida,2000,02001-02003
12,Florida,2100,02101-02104
12,Florida,2200,02201-02207
12,Florida,2300,2300
12,Florida,2400,02401-02404
12,Florida,2500,02501-02503
12,Florida,2600,02601-02608
12,Florida,2700,02701-02708
12,Florida,2800,02801-02802
12,Florida,2900,02901-02902
12,Florida,3000,3000
12,Florida,3100,3100
12,Florida,3200,3200
12,Florida,3300,3300
12,Florida,3400,3400
12,Florida,3500,03501-03509
12,Florida,3600,03601-03613
12,Florida,3700,03701-03702
12,Florida,3890,03800-03903
12,Florida,4000,04001-04020
13,Georgia,100,100
13,Georgia,200,200
13,Georgia,300,300
13,Georgia,400,400
13,Georgia,500,500
13,Georgia,600,600
13,Georgia,700,700
13,Georgia,800,800
13,Georgia,900,900
13,Georgia,1000,1000
13,Georgia,1100,01101-01107
13,Georgia,1200,01201-01206
13,Georgia,1300,01301-01305
13,Georgia,1400,01401-01402
13,Georgia,1500,01501-01505
13,Georgia,1600,1600
13,Georgia,1700,1700
13,Georgia,1800,1800
13,Georgia,1900,1900
13,Georgia,2000,2000
13,Georgia,2100,2100
13,Georgia,2200,2200
13,Georgia,2300,2300
13,Georgia,2400,2400
13,Georgia,2500,2500
13,Georgia,2600,2600
13,Georgia,2700,2700
13,Georgia,2800,2800
13,Georgia,2900,2900
13,Georgia,3000,3000
13,Georgia,3100,3100
13,Georgia,3200,3200
13,Georgia,3300,3300
13,Georgia,3490,03400-03500
13,Georgia,3600,3600
13,Georgia,3700,3700
13,Georgia,3800,3800
13,Georgia,3900,3900
13,Georgia,4000,4000
13,Georgia,4100,4100
13,Georgia,4200,4200
13,Georgia,4300,4300
15,Hawaii,100,100
15,Hawaii,200,200
15,Hawaii,300,00301-00307
16,Idaho,100,100
16,Idaho,200,200
16,Idaho,300,300
16,Idaho,400,400
16,Idaho,500,500
16,Idaho,690,00600-00700
16,Idaho,800,800
16,Idaho,900,900
17,Illinois,100,00101-00103
17,Illinois,200,200
17,Illinois,300,300
17,Illinois,400,400
17,Illinois,500,500
17,Illinois,600,600
17,Illinois,700,700
17,Illinois,800,800
17,Illinois,900,900
17,Illinois,1000,1000
17,Illinois,1100,01101-01102
17,Illinois,1200,01201-01202
17,Illinois,1390,01300-01400
17,Illinois,1500,1500
17,Illinois,1600,1600
17,Illinois,1790,01700-01800
17,Illinois,1900,1900
17,Illinois,2000,2000
17,Illinois,2100,2100
17,Illinois,2200,2200
17,Illinois,2300,2300
17,Illinois,2400,2400
17,Illinois,2500,2500
17,Illinois,2600,2600
17,Illinois,2700,2700
17,Illinois,2890,02800-02900
17,Illinois,3000,03001-03006
17,Illinois,3100,03101-03104
17,Illinois,3200,03201-03206
17,Illinois,3300,03301-03305
17,Illinois,3490,03401-03519
18,Indiana,190,00100-00203
18,Indiana,300,300
18,Indiana,400,400
18,Indiana,590,00500-00600
18,Indiana,700,700
18,Indiana,800,800
18,Indiana,990,00900-01000
18,Indiana,1100,1100
18,Indiana,1200,1200
18,Indiana,1300,1300
18,Indiana,1400,1400
18,Indiana,1500,1500
18,Indiana,1600,1600
18,Indiana,1700,1700
18,Indiana,1800,1800
18,Indiana,1900,01901-01902
18,Indiana,2000,02001-02002
18,Indiana,2100,2100
18,Indiana,2200,2200
18,Indiana,2300,02301-02307
18,Indiana,2400,2400
18,Indiana,2500,2500
18,Indiana,2600,2600
18,Indiana,2700,2700
18,Indiana,2800,2800
18,Indiana,2900,2900
18,Indiana,3000,3000
18,Indiana,3100,3100
18,Indiana,3200,3200
18,Indiana,3300,3300
18,Indiana,3400,3400
18,Indiana,3500,3500
18,Indiana,3600,3600
18,Indiana,3790,03700-03800
19,Iowa,100,100
19,Iowa,200,200
19,Iowa,300,300
19,Iowa,400,400
19,Iowa,500,500
19,Iowa,600,600
19,Iowa,700,700
19,Iowa,800,800
19,Iowa,900,900
19,Iowa,1000,1000
19,Iowa,1100,1100
19,Iowa,1200,1200
19,Iowa,1300,1300
19,Iowa,1490,01400-01500
19,Iowa,1600,1600
19,Iowa,1700,1700
19,Iowa,1800,1800
19,Iowa,1900,1900
20,Kansas,100,100
20,Kansas,200,200
20,Kansas,300,300
20,Kansas,400,400
20,Kansas,500,500
20,Kansas,600,00601-00604
20,Kansas,700,700
20,Kansas,800,800
20,Kansas,900,900
20,Kansas,1000,1000
20,Kansas,1100,1100
20,Kansas,1200,1200
20,Kansas,1390,01300-01403
20,Kansas,1500,1500
20,Kansas,1600,1600
21,Kentucky,100,100
21,Kentucky,200,200
21,Kentucky,300,300
21,Kentucky,400,400
21,Kentucky,500,500
21,Kentucky,600,600
21,Kentucky,700,700
21,Kentucky,800,800
21,Kentucky,900,900
21,Kentucky,1000,1000
21,Kentucky,1100,1100
21,Kentucky,1200,1200
21,Kentucky,1300,1300
21,Kentucky,1400,1400
21,Kentucky,1500,1500
21,Kentucky,1600,1600
21,Kentucky,1700,01701-01705
21,Kentucky,1800,1800
21,Kentucky,1900,01901-01902
21,Kentucky,2000,2000
21,Kentucky,2100,2100
21,Kentucky,2200,2200
21,Kentucky,2300,2300
21,Kentucky,2400,2400
21,Kentucky,2500,2500
22,Louisiana,100,00101-00102
22,Louisiana,200,200
22,Louisiana,300,300
22,Louisiana,400,400
22,Louisiana,500,500
22,Louisiana,600,600
22,Louisiana,700,700
22,Louisiana,800,800
22,Louisiana,900,900
22,Louisiana,1090,01000-01100
22,Louisiana,1200,1200
22,Louisiana,1300,1300
22,Louisiana,1490,01401-01502
22,Louisiana,1600,1600
22,Louisiana,1700,1700
22,Louisiana,1800,01801-01804
22,Louisiana,1900,01901-01905
22,Louisiana,2000,02001-02002
22,Louisiana,2100,2100
22,Louisiana,2200,2200
22,Louisiana,2300,2300
22,Louisiana,2400,2400
22,Louisiana,2500,2500
23,Maine,100,100
23,Maine,200,200
23,Maine,300,300
23,Maine,400,400
23,Maine,500,500
23,Maine,600,600
23,Maine,700,700
23,Maine,800,800
23,Maine,900,900
23,Maine,1000,1000
24,Maryland,100,100
24,Maryland,200,200
24,Maryland,300,300
24,Maryland,400,400
24,Maryland,500,00501-00507
24,Maryland,600,00601-00602
24,Maryland,700,700
24,Maryland,800,00801-00806
24,Maryland,900,00901-00902
24,Maryland,1000,01001-01007
24,Maryland,1100,01101-01107
24,Maryland,1200,01201-01204
24,Maryland,1300,1300
24,Maryland,1400,1400
24,Maryland,1500,1500
24,Maryland,1600,1600
25,Massachusetts,100,100
25,Massachusetts,200,200
25,Massachusetts,300,300
25,Massachusetts,400,400
25,Massachusetts,500,500
25,Massachusetts,600,600
25,Massachusetts,700,700
25,Massachusetts,800,800
25,Massachusetts,900,900
25,Massachusetts,1000,1000
25,Massachusetts,1100,1100
25,Massachusetts,1200,1200
25,Massachusetts,1300,1300
25,Massachusetts,1400,1400
25,Massachusetts,1500,1500
25,Massachusetts,1600,1600
25,Massachusetts,1700,1700
25,Massachusetts,1800,1800
25,Massachusetts,1900,1900
25,Massachusetts,2000,2000
25,Massachusetts,2100,2100
25,Massachusetts,2200,2200
25,Massachusetts,2300,2300
25,Massachusetts,2400,2400
25,Massachusetts,2500,2500
25,Massachusetts,2600,2600
25,Massachusetts,2700,2700
25,Massachusetts,2800,2800
25,Massachusetts,2900,2900
25,Massachusetts,3000,3000
25,Massachusetts,3100,3100
25,Massachusetts,3200,3200
25,Massachusetts,3300,03301-03305
25,Massachusetts,3400,3400
25,Massachusetts,3500,3500
25,Massachusetts,3600,3600
25,Massachusetts,3700,3700
25,Massachusetts,3800,3800
25,Massachusetts,3900,3900
25,Massachusetts,4000,4000
25,Massachusetts,4100,4100
25,Massachusetts,4200,4200
25,Massachusetts,4300,4300
25,Massachusetts,4400,4400
25,Massachusetts,4500,4500
25,Massachusetts,4600,4600
25,Massachusetts,4700,4700
25,Massachusetts,4800,4800
26,Michigan,100,100
26,Michigan,200,200
26,Michigan,300,300
26,Michigan,400,400
26,Michigan,500,500
26,Michigan,600,600
26,Michigan,700,700
26,Michigan,800,800
26,Michigan,900,900
26,Michigan,1000,1000
26,Michigan,1100,1100
26,Michigan,1200,1200
26,Michigan,1390,01300-01403
26,Michigan,1500,1500
26,Michigan,1600,1600
26,Michigan,1700,1700
26,Michigan,1890,01800-02000
26,Michigan,2100,2100
26,Michigan,2290,02200-02302
26,Michigan,2400,2400
26,Michigan,2500,02501-02508
26,Michigan,2600,02601-02602
26,Michigan,2700,2700
26,Michigan,2800,2800
26,Michigan,2900,2900
26,Michigan,3000,3000
26,Michigan,3100,3100
26,Michigan,3290,03200-03300
26,Michigan,3400,3400
26,Michigan,3500,3500
26,Michigan,3690,03600-03807
26,Michigan,3990,03900-04104
27,Minnesota,100,100
27,Minnesota,200,200
27,Minnesota,300,300
27,Minnesota,400,400
27,Minnesota,500,500
27,Minnesota,600,600
27,Minnesota,700,700
27,Minnesota,800,800
27,Minnesota,900,900
27,Minnesota,1000,01001-01002
27,Minnesota,1100,1100
27,Minnesota,1200,01201-01203
27,Minnesota,1390,01301-01406
27,Minnesota,1590,01501-01602
27,Minnesota,1700,1700
27,Minnesota,1800,1800
27,Minnesota,1900,1900
27,Minnesota,2000,2000
27,Minnesota,2100,2100
27,Minnesota,2200,2200
27,Minnesota,2300,2300
27,Minnesota,2400,2400
27,Minnesota,2500,2500
28,Mississippi,100,100
28,Mississippi,200,200
28,Mississippi,300,300
28,Mississippi,400,400
28,Mississippi,500,500
28,Mississippi,600,600
28,Mississippi,700,700
28,Mississippi,800,800
28,Mississippi,900,900
28,Mississippi,1000,1000
28,Mississippi,1100,1100
28,Mississippi,1200,1200
28,Mississippi,1300,1300
28,Mississippi,1490,01400-01500
28,Mississippi,1600,1600
28,Mississippi,1700,1700
28,Mississippi,1800,1800
28,Mississippi,1900,1900
28,Mississippi,2000,2000
28,Mississippi,2100,2100
28,Mississippi,2200,2200
28,Mississippi,2300,2300
29,Missouri,100,100
29,Missouri,200,200
29,Missouri,300,300
29,Missouri,400,400
29,Missouri,500,500
29,Missouri,600,600
29,Missouri,700,700
29,Missouri,890,00800-01100
29,Missouri,1200,1200
29,Missouri,1300,1300
29,Missouri,1400,1400
29,Missouri,1500,1500
29,Missouri,1600,01601-01602
29,Missouri,1700,01701-01708
29,Missouri,1800,01801-01803
29,Missouri,1900,1900
29,Missouri,2000,2000
29,Missouri,2100,2100
29,Missouri,2200,2200
29,Missouri,2300,2300
29,Missouri,2490,02400-02500
29,Missouri,2600,2600
29,Missouri,2700,2700
30,Montana,100,100
30,Montana,200,200
30,Montana,300,300
30,Montana,400,400
30,Montana,500,500
30,Montana,600,600
30,Montana,700,700
31,Nebraska,100,100
31,Nebraska,200,200
31,Nebraska,300,300
31,Nebraska,400,400
31,Nebraska,500,500
31,Nebraska,600,600
31,Nebraska,700,00701-00702
31,Nebraska,800,00801-00802
31,Nebraska,900,00901-00904
32,Nevada,190,00100-00200
32,Nevada,300,300
32,Nevada,400,400
32,Nevada,500,00501-00511
33,New Hampshire,100,100
33,New Hampshire,200,200
33,New Hampshire,300,300
33,New Hampshire,400,400
33,New Hampshire,500,500
33,New Hampshire,600,600
33,New Hampshire,700,700
33,New Hampshire,800,800
33,New Hampshire,900,900
33,New Hampshire,1000,1000
33,New Hampshire,1100,1100
34,New Jersey,100,00101-00102
34,New Jersey,200,200
34,New Jersey,300,00301-00306
34,New Jersey,490,00400-00502
34,New Jersey,690,00601-00703
34,New Jersey,800,800
34,New Jersey,900,00901-00905
34,New Jersey,1000,01001-01002
34,New Jersey,1100,01101-01105
34,New Jersey,1200,01201-01203
34,New Jersey,1390,01301-01404
34,New Jersey,1500,01501-01504
34,New Jersey,1600,1600
34,New Jersey,1700,1700
34,New Jersey,1890,01800-01903
34,New Jersey,2000,02001-02003
34,New Jersey,2100,02101-02104
34,New Jersey,2200,02201-02202
34,New Jersey,2300,02301-02302
34,New Jersey,2400,2400
35,New Mexico,100,100
35,New Mexico,200,200
35,New Mexico,300,300
35,New Mexico,400,400
35,New Mexico,500,500
35,New Mexico,600,00601-00605
35,New Mexico,700,700
35,New Mexico,800,800
35,New Mexico,900,900
35,New Mexico,1000,1000
35,New Mexico,1100,1100
36,New York,100,100
36,New York,200,200
36,New York,300,300
36,New York,400,00401-00402
36,New York,500,500
36,New York,600,600
36,New York,790,00700-00804
36,New York,990,00901-01005
36,New York,1100,1100
36,New York,1200,1200
36,New York,1300,1300
36,New York,1490,"01401-01402, 01601-01605"
36,New York,1500,01501-01502
36,New York,1700,1700
36,New York,1800,1800
36,New York,1900,1900
36,New York,2000,2000
36,New York,2100,2100
36,New York,2200,02201-02202
36,New York,2300,2300
36,New York,2400,02401-02402
36,New York,2500,2500
36,New York,2600,02601-02602
36,New York,2700,2700
36,New York,2800,2800
36,New York,2900,2900
36,New York,3000,3000
36,New York,3100,03101-03102
36,New York,3200,03201-03202
36,New York,3300,03301-03303
36,New York,3490,03400-03506
36,New York,3600,03601-03602
36,New York,3700,03701-03710
36,New York,3800,03801-03810
36,New York,3900,03901-03903
36,New York,4000,04001-04018
36,New York,4100,04101-04114
36,New York,4200,04201-04212
36,New York,4300,04301-04312
37,North Carolina,100,100
37,North Carolina,200,00201-00202
37,North Carolina,300,300
37,North Carolina,400,400
37,North Carolina,500,500
37,North Carolina,600,600
37,North Carolina,700,700
37,North Carolina,800,800
37,North Carolina,990,00901-01000
37,North Carolina,1100,1100
37,North Carolina,1200,1200
37,North Carolina,1300,1300
37,North Carolina,1400,1400
37,North Carolina,1500,1500
37,North Carolina,1690,01601-01700
37,North Carolina,1890,01800-01900
37,North Carolina,2000,2000
37,North Carolina,2100,2100
37,North Carolina,2200,2200
37,North Carolina,2300,2300
37,North Carolina,2400,2400
37,North Carolina,2500,2500
37,North Carolina,2690,02601-02802
37,North Carolina,2900,2900
37,North Carolina,3000,3000
37,North Carolina,3100,3100
37,North Carolina,3200,3200
37,North Carolina,3300,3300
37,North Carolina,3400,3400
37,North Carolina,3500,3500
37,North Carolina,3690,03600-03700
37,North Carolina,3800,3800
37,North Carolina,3900,3900
37,North Carolina,4000,4000
37,North Carolina,4100,4100
37,North Carolina,4200,4200
37,North Carolina,4300,4300
37,North Carolina,4400,4400
37,North Carolina,4500,4500
37,North Carolina,4600,4600
37,North Carolina,4700,4700
37,North Carolina,4800,4800
38,North Dakota,100,100
38,North Dakota,200,200
38,North Dakota,300,300
38,North Dakota,400,400
38,North Dakota,500,500
39,Ohio,100,100
39,Ohio,290,00201-00303
39,Ohio,400,400
39,Ohio,500,00501-00502
39,Ohio,600,00601-00612
39,Ohio,700,00701-00703
39,Ohio,800,800
39,Ohio,900,00901-00904
39,Ohio,1000,1000
39,Ohio,1190,01101-01202
39,Ohio,1300,1300
39,Ohio,1400,1400
39,Ohio,1500,1500
39,Ohio,1600,1600
39,Ohio,1700,1700
39,Ohio,1800,1800
39,Ohio,1900,1900
39,Ohio,2000,2000
39,Ohio,2100,2100
39,Ohio,2200,02201-02203
39,Ohio,2300,2300
39,Ohio,2400,2400
39,Ohio,2500,2500
39,Ohio,2600,2600
39,Ohio,2700,2700
39,Ohio,2800,2800
39,Ohio,2900,2900
39,Ohio,3000,03001-03002
39,Ohio,3100,03101-03109
39,Ohio,3200,3200
39,Ohio,3300,3300
39,Ohio,3400,3400
39,Ohio,3500,3500
39,Ohio,3600,3600
39,Ohio,3700,3700
39,Ohio,3800,3800
39,Ohio,3900,3900
39,Ohio,4090,04000-04103
39,Ohio,4200,4200
39,Ohio,4300,04301-04302
39,Ohio,4490,04401-04503
39,Ohio,4600,04601-04602
39,Ohio,4700,4700
39,Ohio,4800,4800
40,Oklahoma,100,100
40,Oklahoma,200,200
40,Oklahoma,300,300
40,Oklahoma,400,400
40,Oklahoma,500,500
40,Oklahoma,690,"00600, 01000-01200"
40,Oklahoma,700,700
40,Oklahoma,800,800
40,Oklahoma,900,900
40,Oklahoma,1390,01301-01700
41,Oregon,100,100
41,Oregon,200,200
41,Oregon,300,300
41,Oregon,400,400
41,Oregon,500,500
41,Oregon,600,600
41,Oregon,700,00701-00702
41,Oregon,800,800
41,Oregon,900,900
41,Oregon,1000,1000
41,Oregon,1100,01101-01102
41,Oregon,1200,1200
41,Oregon,1300,01301-01313
42,Pennsylvania,190,00100-00200
42,Pennsylvania,300,300
42,Pennsylvania,400,400
42,Pennsylvania,500,500
42,Pennsylvania,600,600
42,Pennsylvania,700,700
42,Pennsylvania,800,00801-00802
42,Pennsylvania,900,00901-00903
42,Pennsylvania,1000,1000
42,Pennsylvania,1100,1100
42,Pennsylvania,1200,1200
42,Pennsylvania,1300,1300
42,Pennsylvania,1400,1400
42,Pennsylvania,1500,1500
42,Pennsylvania,1600,1600
42,Pennsylvania,1790,01701-01807
42,Pennsylvania,1900,1900
42,Pennsylvania,2000,02001-02002
42,Pennsylvania,2100,02101-02103
42,Pennsylvania,2200,02201-02202
42,Pennsylvania,2300,2300
42,Pennsylvania,2400,2400
42,Pennsylvania,2500,02501-02502
42,Pennsylvania,2600,2600
42,Pennsylvania,2700,2700
42,Pennsylvania,2800,02801-02802
42,Pennsylvania,2900,2900
42,Pennsylvania,3000,03001-03002
42,Pennsylvania,3100,03101-03102
42,Pennsylvania,3200,03201-03203
42,Pennsylvania,3300,03301-03303
42,Pennsylvania,3400,03401-03402
42,Pennsylvania,3500,3500
42,Pennsylvania,3690,03600-03702
42,Pennsylvania,3800,03801-03802
42,Pennsylvania,3900,03901-03904
42,Pennsylvania,4000,04001-04006
42,Pennsylvania,4100,04101-04111
42,Pennsylvania,4200,04201-04204
42,Pennsylvania,4300,04301-04303
44,Rhode Island,100,100
44,Rhode Island,200,200
44,Rhode Island,300,300
44,Rhode Island,400,400
44,Rhode Island,500,500
44,Rhode Island,600,600
44,Rhode Island,700,700
45,South Carolina,100,100
45,South Carolina,200,00201-00202
45,South Carolina,300,00301-00302
45,South Carolina,400,400
45,South Carolina,500,500
45,South Carolina,600,600
45,South Carolina,700,700
45,South Carolina,800,800
45,South Carolina,900,900
45,South Carolina,1090,01001-01200
45,South Carolina,1300,1300
45,South Carolina,1400,1400
45,South Carolina,1500,1500
45,South Carolina,1600,1600
45,South Carolina,1700,1700
45,South Carolina,1800,1800
45,South Carolina,1900,1900
45,South Carolina,2000,2000
45,South Carolina,2100,02101-02102
45,South Carolina,2200,2200
45,South Carolina,2300,2300
46,South Dakota,100,100
46,South Dakota,200,200
46,South Dakota,300,300
46,South Dakota,400,400
46,South Dakota,500,500
46,South Dakota,690,00600-00700
47,Tennessee,100,100
47,Tennessee,200,200
47,Tennessee,300,300
47,Tennessee,400,400
47,Tennessee,500,00501-00502
47,Tennessee,600,600
47,Tennessee,700,700
47,Tennessee,800,00801-00802
47,Tennessee,900,900
47,Tennessee,1000,1000
47,Tennessee,1100,1100
47,Tennessee,1200,1200
47,Tennessee,1390,01301-01400
47,Tennessee,1500,1500
47,Tennessee,1600,1600
47,Tennessee,1700,1700
47,Tennessee,1890,01800-02000
47,Tennessee,2100,2100
47,Tennessee,2200,02201-02205
47,Tennessee,2300,2300
47,Tennessee,2400,2400
47,Tennessee,2500,2500
47,Tennessee,2600,2600
47,Tennessee,2700,2700
47,Tennessee,2800,2800
47,Tennessee,2900,2900
47,Tennessee,3000,3000
47,Tennessee,3190,03101-03202
48,Texas,100,100
48,Texas,200,200
48,Texas,300,300
48,Texas,400,400
48,Texas,500,00501-00502
48,Texas,600,600
48,Texas,700,700
48,Texas,800,800
48,Texas,900,900
48,Texas,1000,1000
48,Texas,1100,1100
48,Texas,1200,1200
48,Texas,1300,1300
48,Texas,1400,1400
48,Texas,1500,1500
48,Texas,1600,1600
48,Texas,1700,1700
48,Texas,1800,1800
48,Texas,1900,1900
48,Texas,2000,2000
48,Texas,2100,02101-02104
48,Texas,2200,02201-02202
48,Texas,2300,02301-02315
48,Texas,2400,2400
48,Texas,2500,02501-02511
48,Texas,2600,2600
48,Texas,2700,2700
48,Texas,2800,2800
48,Texas,2900,2900
48,Texas,3000,3000
48,Texas,3100,3100
48,Texas,3200,3200
48,Texas,3300,3300
48,Texas,3400,3400
48,Texas,3500,03501-03505
48,Texas,3600,3600
48,Texas,3700,03701-03703
48,Texas,3800,03801-03802
48,Texas,3900,3900
48,Texas,4000,4000
48,Texas,4100,4100
48,Texas,4200,4200
48,Texas,4390,04300-04400
48,Texas,4500,04501-04503
48,Texas,4600,04601-04625
48,Texas,4700,04701-04702
48,Texas,4800,04801-04802
48,Texas,4900,04901-04902
48,Texas,5000,5000
48,Texas,5100,5100
48,Texas,5200,05201-05202
48,Texas,5390,05301-05402
48,Texas,5500,5500
48,Texas,5600,05601-05611
48,Texas,5700,5700
48,Texas,5800,5800
48,Texas,5900,5900
48,Texas,6000,6000
48,Texas,6100,6100
48,Texas,6200,6200
48,Texas,6390,06301-06500
48,Texas,6690,06600-06704
48,Texas,6890,06800-06900
49,Utah,100,100
49,Utah,200,200
49,Utah,300,00301-00302
49,Utah,400,400
49,Utah,500,00501-00507
49,Utah,600,00601-00603
49,Utah,700,700
50,Vermont,100,100
50,Vermont,200,200
50,Vermont,300,300
50,Vermont,400,400
51,Virginia,100,100
51,Virginia,200,200
51,Virginia,300,00301-00305
51,Virginia,400,400
51,Virginia,500,00501-00502
51,Virginia,600,600
51,Virginia,700,700
51,Virginia,800,800
51,Virginia,900,900
51,Virginia,1000,1000
51,Virginia,1100,1100
51,Virginia,1200,1200
51,Virginia,1300,1300
51,Virginia,1400,1400
51,Virginia,1500,1500
51,Virginia,1600,1600
51,Virginia,1700,1700
51,Virginia,1800,1800
51,Virginia,1900,1900
51,Virginia,2000,2000
51,Virginia,2100,2100
51,Virginia,2200,2200
51,Virginia,2300,2300
51,Virginia,2400,2400
51,Virginia,2500,2500
51,Virginia,2600,2600
51,Virginia,2700,2700
51,Virginia,2800,02801-02803
51,Virginia,2900,2900
51,Virginia,3000,3000
51,Virginia,3100,3100
51,Virginia,3200,3200
51,Virginia,3300,3300
51,Virginia,3400,3400
51,Virginia,3500,3500
53,Washington,100,100
53,Washington,200,200
53,Washington,300,300
53,Washington,400,400
53,Washington,590,00500-00602
53,Washington,700,700
53,Washington,800,800
53,Washington,900,00901-00902
53,Washington,1000,01001-01005
53,Washington,1100,1100
53,Washington,1200,01201-01202
53,Washington,1390,01300-01404
53,Washington,1500,1500
53,Washington,1600,1600
53,Washington,1700,01701-01702
53,Washington,1890,01801-02009
53,Washington,2190,02101-02200
54,West Virginia,100,100
54,West Virginia,200,200
54,West Virginia,300,300
54,West Virginia,400,400
54,West Virginia,500,500
54,West Virginia,600,600
54,West Virginia,700,700
54,West Virginia,800,800
54,West Virginia,900,900
54,West Virginia,1000,1000
54,West Virginia,1100,1100
54,West Virginia,1200,1200
55,Wisconsin,100,100
55,Wisconsin,290,00200-00300
55,Wisconsin,400,400
55,Wisconsin,500,500
55,Wisconsin,600,600
55,Wisconsin,700,700
55,Wisconsin,800,800
55,Wisconsin,900,900
55,Wisconsin,1000,1000
55,Wisconsin,1190,01100-01200
55,Wisconsin,1300,1300
55,Wisconsin,1400,1400
55,Wisconsin,1500,1500
55,Wisconsin,1600,1600
55,Wisconsin,1700,1700
55,Wisconsin,1800,1800
55,Wisconsin,1900,1900
55,Wisconsin,2090,02001-02300
55,Wisconsin,2400,2400
55,Wisconsin,2500,2500
56,Wyoming,100,100
56,Wyoming,200,200
56,Wyoming,300,300
56,Wyoming,400,400
72,Puerto Rico,100,100
72,Puerto Rico,200,200
72,Puerto Rico,300,300
72,Puerto Rico,400,400
72,Puerto Rico,500,500
72,Puerto Rico,600,600
72,Puerto Rico,700,700
72,Puerto Rico,800,00801-00802
72,Puerto Rico,900,900
72,Puerto Rico,1000,01001-01004
72,Puerto Rico,1100,1100
72,Puerto Rico,1200,1200
72,Puerto Rico,1300,1300
72,Puerto Rico,1400,1400
72,Puerto Rico,1500,1500
72,Puerto Rico,1600,1600
72,Puerto Rico,1700,1700
72,Puerto Rico,1800,1800
72,Puerto Rico,1900,1900
72,Puerto Rico,2000,2000
72,Puerto Rico,2100,2100
72,Puerto Rico,2200,2200
72,Puerto Rico,2300,2300
72,Puerto Rico,2400,2400
72,Puerto Rico,2500,2500
72,Puerto Rico,2600,2600
